Country Name,Country ISO3,Year,Indicator Name,Indicator Code,Value
#country+name,#country+code,#date+year,#indicator+name,#indicator+code,#indicator+value+num
Peru,PER,2014,Poverty Headcount ($1.90 a day),1.0.HCount.1.90usd,3.13807821273804
Peru,PER,2013,Poverty Headcount ($1.90 a day),1.0.HCount.1.90usd,3.69940996170044
Peru,PER,2012,Poverty Headcount ($1.90 a day),1.0.HCount.1.90usd,4.13172101974487
Peru,PER,2011,Poverty Headcount ($1.90 a day),1.0.HCount.1.90usd,4.34997034072876
Peru,PER,2010,Poverty Headcount ($1.90 a day),1.0.HCount.1.90usd,4.74298286437988
Peru,PER,2009,Poverty Headcount ($1.90 a day),1.0.HCount.1.90usd,6.27278089523315
Peru,PER,2008,Poverty Headcount ($1.90 a day),1.0.HCount.1.90usd,7.94220447540283
Peru,PER,2007,Poverty Headcount ($1.90 a day),1.0.HCount.1.90usd,10.0254707336426
Peru,PER,2006,Poverty Headcount ($1.90 a day),1.0.HCount.1.90usd,12.3899002075195
Peru,PER,2005,Poverty Headcount ($1.90 a day),1.0.HCount.1.90usd,14.1750192642212
Peru,PER,2004,Poverty Headcount ($1.90 a day),1.0.HCount.1.90usd,12.2191905975342
Peru,PER,2014,Poverty Headcount ($2.50 a day),1.0.HCount.2.5usd,9.16460800170898
Peru,PER,2013,Poverty Headcount ($2.50 a day),1.0.HCount.2.5usd,9.84639739990234
Peru,PER,2012,Poverty Headcount ($2.50 a day),1.0.HCount.2.5usd,10.9057292938232
Peru,PER,2011,Poverty Headcount ($2.50 a day),1.0.HCount.2.5usd,11.8388948440552
Peru,PER,2010,Poverty Headcount ($2.50 a day),1.0.HCount.2.5usd,13.1891975402832
Peru,PER,2009,Poverty Headcount ($2.50 a day),1.0.HCount.2.5usd,15.5591821670532
Peru,PER,2008,Poverty Headcount ($2.50 a day),1.0.HCount.2.5usd,17.6751308441162
Peru,PER,2007,Poverty Headcount ($2.50 a day),1.0.HCount.2.5usd,21.0590686798096
Peru,PER,2006,Poverty Headcount ($2.50 a day),1.0.HCount.2.5usd,24.27512550354
Peru,PER,2005,Poverty Headcount ($2.50 a day),1.0.HCount.2.5usd,27.5917110443115
Peru,PER,2004,Poverty Headcount ($2.50 a day),1.0.HCount.2.5usd,25.767765045166
Peru,PER,2014,Middle Class ($10-50 a day) Headcount,1.0.HCount.Mid10to50,37.8127708435059
Peru,PER,2013,Middle Class ($10-50 a day) Headcount,1.0.HCount.Mid10to50,37.1102066040039
Peru,PER,2012,Middle Class ($10-50 a day) Headcount,1.0.HCount.Mid10to50,36.1296539306641
Peru,PER,2011,Middle Class ($10-50 a day) Headcount,1.0.HCount.Mid10to50,33.7537460327148
Peru,PER,2010,Middle Class ($10-50 a day) Headcount,1.0.HCount.Mid10to50,31.3066558837891
Peru,PER,2009,Middle Class ($10-50 a day) Headcount,1.0.HCount.Mid10to50,28.8596725463867
Peru,PER,2008,Middle Class ($10-50 a day) Headcount,1.0.HCount.Mid10to50,27.6294860839844
Peru,PER,2007,Middle Class ($10-50 a day) Headcount,1.0.HCount.Mid10to50,25.1249542236328
Peru,PER,2006,Middle Class ($10-50 a day) Headcount,1.0.HCount.Mid10to50,21.2517700195313
Peru,PER,2005,Middle Class ($10-50 a day) Headcount,1.0.HCount.Mid10to50,17.539794921875
Peru,PER,2004,Middle Class ($10-50 a day) Headcount,1.0.HCount.Mid10to50,19.3442230224609
Peru,PER,2014,Official Moderate Poverty Rate-National,1.0.HCount.Ofcl,22.7
Peru,PER,2013,Official Moderate Poverty Rate-National,1.0.HCount.Ofcl,23.9
Peru,PER,2012,Official Moderate Poverty Rate-National,1.0.HCount.Ofcl,25.8
Peru,PER,2011,Official Moderate Poverty Rate-National,1.0.HCount.Ofcl,27.8
Peru,PER,2010,Official Moderate Poverty Rate-National,1.0.HCount.Ofcl,30.8
Peru,PER,2009,Official Moderate Poverty Rate-National,1.0.HCount.Ofcl,33.5
Peru,PER,2008,Official Moderate Poverty Rate-National,1.0.HCount.Ofcl,37.3
Peru,PER,2007,Official Moderate Poverty Rate-National,1.0.HCount.Ofcl,42.4
Peru,PER,2006,Official Moderate Poverty Rate-National,1.0.HCount.Ofcl,49.15
Peru,PER,2005,Official Moderate Poverty Rate-National,1.0.HCount.Ofcl,55.6
Peru,PER,2004,Official Moderate Poverty Rate-National,1.0.HCount.Ofcl,58.7
Peru,PER,2003,Official Moderate Poverty Rate-National,1.0.HCount.Ofcl,52.34052
Peru,PER,2002,Official Moderate Poverty Rate-National,1.0.HCount.Ofcl,54.3141
Peru,PER,2001,Official Moderate Poverty Rate-National,1.0.HCount.Ofcl,54.79562
Peru,PER,2000,Official Moderate Poverty Rate-National,1.0.HCount.Ofcl,48.4
Peru,PER,2014,Poverty Headcount ($4 a day),1.0.HCount.Poor4uds,20.0748958587646
Peru,PER,2013,Poverty Headcount ($4 a day),1.0.HCount.Poor4uds,21.2661571502686
Peru,PER,2012,Poverty Headcount ($4 a day),1.0.HCount.Poor4uds,22.1027927398682
Peru,PER,2011,Poverty Headcount ($4 a day),1.0.HCount.Poor4uds,24.2859077453613
Peru,PER,2010,Poverty Headcount ($4 a day),1.0.HCount.Poor4uds,26.0985355377197
Peru,PER,2009,Poverty Headcount ($4 a day),1.0.HCount.Poor4uds,29.5596618652344
Peru,PER,2008,Poverty Headcount ($4 a day),1.0.HCount.Poor4uds,31.8200378417969
Peru,PER,2007,Poverty Headcount ($4 a day),1.0.HCount.Poor4uds,35.7040710449219
Peru,PER,2006,Poverty Headcount ($4 a day),1.0.HCount.Poor4uds,40.6439056396484
Peru,PER,2005,Poverty Headcount ($4 a day),1.0.HCount.Poor4uds,45.4598808288574
Peru,PER,2004,Poverty Headcount ($4 a day),1.0.HCount.Poor4uds,43.0278015136719
Peru,PER,2014,Vulnerable ($4-10 a day) Headcount,1.0.HCount.Vul4to10,40.6282272338867
Peru,PER,2013,Vulnerable ($4-10 a day) Headcount,1.0.HCount.Vul4to10,40.2292556762695
Peru,PER,2012,Vulnerable ($4-10 a day) Headcount,1.0.HCount.Vul4to10,40.2767486572266
Peru,PER,2011,Vulnerable ($4-10 a day) Headcount,1.0.HCount.Vul4to10,40.548267364502
Peru,PER,2010,Vulnerable ($4-10 a day) Headcount,1.0.HCount.Vul4to10,41.3696212768555
Peru,PER,2009,Vulnerable ($4-10 a day) Headcount,1.0.HCount.Vul4to10,40.2924880981445
Peru,PER,2008,Vulnerable ($4-10 a day) Headcount,1.0.HCount.Vul4to10,39.3376235961914
Peru,PER,2007,Vulnerable ($4-10 a day) Headcount,1.0.HCount.Vul4to10,37.8447113037109
Peru,PER,2006,Vulnerable ($4-10 a day) Headcount,1.0.HCount.Vul4to10,37.0501861572266
Peru,PER,2005,Vulnerable ($4-10 a day) Headcount,1.0.HCount.Vul4to10,36.0430107116699
Peru,PER,2004,Vulnerable ($4-10 a day) Headcount,1.0.HCount.Vul4to10,36.6908264160156
Peru,PER,2014,Poverty Gap ($1.90 a day),1.0.PGap.1.90usd,0.789387106895447
Peru,PER,2013,Poverty Gap ($1.90 a day),1.0.PGap.1.90usd,0.935466885566711
Peru,PER,2012,Poverty Gap ($1.90 a day),1.0.PGap.1.90usd,1.13263440132141
Peru,PER,2011,Poverty Gap ($1.90 a day),1.0.PGap.1.90usd,1.13792538642883
Peru,PER,2010,Poverty Gap ($1.90 a day),1.0.PGap.1.90usd,1.30077767372131
Peru,PER,2009,Poverty Gap ($1.90 a day),1.0.PGap.1.90usd,1.81892657279968
Peru,PER,2008,Poverty Gap ($1.90 a day),1.0.PGap.1.90usd,2.38151884078979
Peru,PER,2007,Poverty Gap ($1.90 a day),1.0.PGap.1.90usd,3.21924924850464
Peru,PER,2006,Poverty Gap ($1.90 a day),1.0.PGap.1.90usd,4.09195232391357
Peru,PER,2005,Poverty Gap ($1.90 a day),1.0.PGap.1.90usd,4.62428951263428
Peru,PER,2004,Poverty Gap ($1.90 a day),1.0.PGap.1.90usd,3.91426753997803
Peru,PER,2014,Poverty Gap ($2.50 a day),1.0.PGap.2.5usd,2.86644268035889
Peru,PER,2013,Poverty Gap ($2.50 a day),1.0.PGap.2.5usd,3.18994808197021
Peru,PER,2012,Poverty Gap ($2.50 a day),1.0.PGap.2.5usd,3.62151598930359
Peru,PER,2011,Poverty Gap ($2.50 a day),1.0.PGap.2.5usd,3.84916472434998
Peru,PER,2010,Poverty Gap ($2.50 a day),1.0.PGap.2.5usd,4.21267652511597
Peru,PER,2009,Poverty Gap ($2.50 a day),1.0.PGap.2.5usd,5.35452127456665
Peru,PER,2008,Poverty Gap ($2.50 a day),1.0.PGap.2.5usd,6.52004432678223
Peru,PER,2007,Poverty Gap ($2.50 a day),1.0.PGap.2.5usd,8.08802032470703
Peru,PER,2006,Poverty Gap ($2.50 a day),1.0.PGap.2.5usd,9.69669628143311
Peru,PER,2005,Poverty Gap ($2.50 a day),1.0.PGap.2.5usd,11.0103445053101
Peru,PER,2004,Poverty Gap ($2.50 a day),1.0.PGap.2.5usd,9.85743713378906
Peru,PER,2014,Poverty Gap ($4 a day),1.0.PGap.Poor4uds,7.26281690597534
Peru,PER,2013,Poverty Gap ($4 a day),1.0.PGap.Poor4uds,7.7916407585144
Peru,PER,2012,Poverty Gap ($4 a day),1.0.PGap.Poor4uds,8.41240692138672
Peru,PER,2011,Poverty Gap ($4 a day),1.0.PGap.Poor4uds,9.1449031829834
Peru,PER,2010,Poverty Gap ($4 a day),1.0.PGap.Poor4uds,10.0028867721558
Peru,PER,2009,Poverty Gap ($4 a day),1.0.PGap.Poor4uds,11.8260917663574
Peru,PER,2008,Poverty Gap ($4 a day),1.0.PGap.Poor4uds,13.3317651748657
Peru,PER,2007,Poverty Gap ($4 a day),1.0.PGap.Poor4uds,15.7522716522217
Peru,PER,2006,Poverty Gap ($4 a day),1.0.PGap.Poor4uds,18.3716793060303
Peru,PER,2005,Poverty Gap ($4 a day),1.0.PGap.Poor4uds,20.7427940368652
Peru,PER,2004,Poverty Gap ($4 a day),1.0.PGap.Poor4uds,19.1751766204834
Peru,PER,2014,Poverty Severity ($1.90 a day),1.0.PSev.1.90usd,0.315656900405884
Peru,PER,2013,Poverty Severity ($1.90 a day),1.0.PSev.1.90usd,0.368806809186935
Peru,PER,2012,Poverty Severity ($1.90 a day),1.0.PSev.1.90usd,0.471038579940796
Peru,PER,2011,Poverty Severity ($1.90 a day),1.0.PSev.1.90usd,0.460237890481949
Peru,PER,2010,Poverty Severity ($1.90 a day),1.0.PSev.1.90usd,0.527698457241058
Peru,PER,2009,Poverty Severity ($1.90 a day),1.0.PSev.1.90usd,0.790214061737061
Peru,PER,2008,Poverty Severity ($1.90 a day),1.0.PSev.1.90usd,1.05277931690216
Peru,PER,2007,Poverty Severity ($1.90 a day),1.0.PSev.1.90usd,1.47165632247925
Peru,PER,2006,Poverty Severity ($1.90 a day),1.0.PSev.1.90usd,1.88895952701569
Peru,PER,2005,Poverty Severity ($1.90 a day),1.0.PSev.1.90usd,2.1329927444458
Peru,PER,2004,Poverty Severity ($1.90 a day),1.0.PSev.1.90usd,1.7716851234436
Peru,PER,2014,Poverty Severity ($2.50 a day),1.0.PSev.2.5usd,1.27309882640839
Peru,PER,2013,Poverty Severity ($2.50 a day),1.0.PSev.2.5usd,1.45315194129944
Peru,PER,2012,Poverty Severity ($2.50 a day),1.0.PSev.2.5usd,1.69097399711609
Peru,PER,2011,Poverty Severity ($2.50 a day),1.0.PSev.2.5usd,1.75989043712616
Peru,PER,2010,Poverty Severity ($2.50 a day),1.0.PSev.2.5usd,1.93772614002228
Peru,PER,2009,Poverty Severity ($2.50 a day),1.0.PSev.2.5usd,2.58507370948792
Peru,PER,2008,Poverty Severity ($2.50 a day),1.0.PSev.2.5usd,3.265132188797
Peru,PER,2007,Poverty Severity ($2.50 a day),1.0.PSev.2.5usd,4.19952535629272
Peru,PER,2006,Poverty Severity ($2.50 a day),1.0.PSev.2.5usd,5.16323280334473
Peru,PER,2005,Poverty Severity ($2.50 a day),1.0.PSev.2.5usd,5.85623836517334
Peru,PER,2004,Poverty Severity ($2.50 a day),1.0.PSev.2.5usd,5.10149478912354
Peru,PER,2014,Poverty Severity ($4 a day),1.0.PSev.Poor4uds,3.63413000106812
Peru,PER,2013,Poverty Severity ($4 a day),1.0.PSev.Poor4uds,3.96946477890015
Peru,PER,2012,Poverty Severity ($4 a day),1.0.PSev.Poor4uds,4.4026083946228
Peru,PER,2011,Poverty Severity ($4 a day),1.0.PSev.Poor4uds,4.72065114974976
Peru,PER,2010,Poverty Severity ($4 a day),1.0.PSev.Poor4uds,5.19559383392334
Peru,PER,2009,Poverty Severity ($4 a day),1.0.PSev.Poor4uds,6.36591482162476
Peru,PER,2008,Poverty Severity ($4 a day),1.0.PSev.Poor4uds,7.47601842880249
Peru,PER,2007,Poverty Severity ($4 a day),1.0.PSev.Poor4uds,9.10614395141602
Peru,PER,2006,Poverty Severity ($4 a day),1.0.PSev.Poor4uds,10.7968940734863
Peru,PER,2005,Poverty Severity ($4 a day),1.0.PSev.Poor4uds,12.2237319946289
Peru,PER,2004,Poverty Severity ($4 a day),1.0.PSev.Poor4uds,11.0862617492676
Peru,PER,2014,Poverty Headcount ($1.90 a day)-Rural,1.1.HCount.1.90usd,10.974308013916
Peru,PER,2013,Poverty Headcount ($1.90 a day)-Rural,1.1.HCount.1.90usd,12.5851182937622
Peru,PER,2012,Poverty Headcount ($1.90 a day)-Rural,1.1.HCount.1.90usd,13.8840312957764
Peru,PER,2011,Poverty Headcount ($1.90 a day)-Rural,1.1.HCount.1.90usd,13.6781282424927
Peru,PER,2010,Poverty Headcount ($1.90 a day)-Rural,1.1.HCount.1.90usd,14.7064609527588
Peru,PER,2009,Poverty Headcount ($1.90 a day)-Rural,1.1.HCount.1.90usd,18.8012962341309
Peru,PER,2008,Poverty Headcount ($1.90 a day)-Rural,1.1.HCount.1.90usd,23.7329521179199
Peru,PER,2007,Poverty Headcount ($1.90 a day)-Rural,1.1.HCount.1.90usd,29.9022998809814
Peru,PER,2006,Poverty Headcount ($1.90 a day)-Rural,1.1.HCount.1.90usd,35.1067581176758
Peru,PER,2005,Poverty Headcount ($1.90 a day)-Rural,1.1.HCount.1.90usd,38.6329154968262
Peru,PER,2004,Poverty Headcount ($1.90 a day)-Rural,1.1.HCount.1.90usd,33.7249183654785
Peru,PER,2014,Poverty Headcount ($2.50 a day)-Rural,1.1.HCount.2.5usd,29.66845703125
Peru,PER,2013,Poverty Headcount ($2.50 a day)-Rural,1.1.HCount.2.5usd,31.5503921508789
Peru,PER,2012,Poverty Headcount ($2.50 a day)-Rural,1.1.HCount.2.5usd,33.9906158447266
Peru,PER,2011,Poverty Headcount ($2.50 a day)-Rural,1.1.HCount.2.5usd,36.0750732421875
Peru,PER,2010,Poverty Headcount ($2.50 a day)-Rural,1.1.HCount.2.5usd,38.0273666381836
Peru,PER,2009,Poverty Headcount ($2.50 a day)-Rural,1.1.HCount.2.5usd,43.3668556213379
Peru,PER,2008,Poverty Headcount ($2.50 a day)-Rural,1.1.HCount.2.5usd,48.8863182067871
Peru,PER,2007,Poverty Headcount ($2.50 a day)-Rural,1.1.HCount.2.5usd,56.7151679992676
Peru,PER,2006,Poverty Headcount ($2.50 a day)-Rural,1.1.HCount.2.5usd,61.6148681640625
Peru,PER,2005,Poverty Headcount ($2.50 a day)-Rural,1.1.HCount.2.5usd,65.0223617553711
Peru,PER,2004,Poverty Headcount ($2.50 a day)-Rural,1.1.HCount.2.5usd,62.8707160949707
Peru,PER,2014,Middle Class ($10-50 a day) Headcount-Rural,1.1.HCount.Mid10to50,8.59871673583984
Peru,PER,2013,Middle Class ($10-50 a day) Headcount-Rural,1.1.HCount.Mid10to50,8.20806121826172
Peru,PER,2012,Middle Class ($10-50 a day) Headcount-Rural,1.1.HCount.Mid10to50,8.40787506103516
Peru,PER,2011,Middle Class ($10-50 a day) Headcount-Rural,1.1.HCount.Mid10to50,7.64195251464844
Peru,PER,2010,Middle Class ($10-50 a day) Headcount-Rural,1.1.HCount.Mid10to50,5.71495056152344
Peru,PER,2009,Middle Class ($10-50 a day) Headcount-Rural,1.1.HCount.Mid10to50,5.33226013183594
Peru,PER,2008,Middle Class ($10-50 a day) Headcount-Rural,1.1.HCount.Mid10to50,4.36561584472656
Peru,PER,2007,Middle Class ($10-50 a day) Headcount-Rural,1.1.HCount.Mid10to50,3.6968994140625
Peru,PER,2006,Middle Class ($10-50 a day) Headcount-Rural,1.1.HCount.Mid10to50,2.51571655273438
Peru,PER,2005,Middle Class ($10-50 a day) Headcount-Rural,1.1.HCount.Mid10to50,2.19368743896484
Peru,PER,2004,Middle Class ($10-50 a day) Headcount-Rural,1.1.HCount.Mid10to50,2.22711944580078
Peru,PER,2014,Official Moderate Poverty Rate- Rural,1.1.HCount.Ofcl,46
Peru,PER,2013,Official Moderate Poverty Rate- Rural,1.1.HCount.Ofcl,48
Peru,PER,2012,Official Moderate Poverty Rate- Rural,1.1.HCount.Ofcl,53
Peru,PER,2011,Official Moderate Poverty Rate- Rural,1.1.HCount.Ofcl,56.1
Peru,PER,2010,Official Moderate Poverty Rate- Rural,1.1.HCount.Ofcl,61
Peru,PER,2009,Official Moderate Poverty Rate- Rural,1.1.HCount.Ofcl,66.7
Peru,PER,2008,Official Moderate Poverty Rate- Rural,1.1.HCount.Ofcl,68.8
Peru,PER,2007,Official Moderate Poverty Rate- Rural,1.1.HCount.Ofcl,74
Peru,PER,2006,Official Moderate Poverty Rate- Rural,1.1.HCount.Ofcl,79.3
Peru,PER,2005,Official Moderate Poverty Rate- Rural,1.1.HCount.Ofcl,82.5
Peru,PER,2004,Official Moderate Poverty Rate- Rural,1.1.HCount.Ofcl,83.4
Peru,PER,2003,Official Moderate Poverty Rate- Rural,1.1.HCount.Ofcl,75.2455
Peru,PER,2002,Official Moderate Poverty Rate- Rural,1.1.HCount.Ofcl,77.08563
Peru,PER,2001,Official Moderate Poverty Rate- Rural,1.1.HCount.Ofcl,78.43366
Peru,PER,2000,Official Moderate Poverty Rate- Rural,1.1.HCount.Ofcl,70
Peru,PER,2014,Poverty Headcount ($4 a day)-Rural,1.1.HCount.Poor4uds,54.6967277526855
Peru,PER,2013,Poverty Headcount ($4 a day)-Rural,1.1.HCount.Poor4uds,56.6062240600586
Peru,PER,2012,Poverty Headcount ($4 a day)-Rural,1.1.HCount.Poor4uds,58.4682273864746
Peru,PER,2011,Poverty Headcount ($4 a day)-Rural,1.1.HCount.Poor4uds,60.8072052001953
Peru,PER,2010,Poverty Headcount ($4 a day)-Rural,1.1.HCount.Poor4uds,63.5820960998535
Peru,PER,2009,Poverty Headcount ($4 a day)-Rural,1.1.HCount.Poor4uds,68.3929443359375
Peru,PER,2008,Poverty Headcount ($4 a day)-Rural,1.1.HCount.Poor4uds,72.054313659668
Peru,PER,2007,Poverty Headcount ($4 a day)-Rural,1.1.HCount.Poor4uds,77.7454223632813
Peru,PER,2006,Poverty Headcount ($4 a day)-Rural,1.1.HCount.Poor4uds,81.3214797973633
Peru,PER,2005,Poverty Headcount ($4 a day)-Rural,1.1.HCount.Poor4uds,83.8230667114258
Peru,PER,2004,Poverty Headcount ($4 a day)-Rural,1.1.HCount.Poor4uds,83.1513824462891
Peru,PER,2014,Vulnerable ($4-10 a day) Headcount-Rural,1.1.HCount.Vul4to10,36.6149940490723
Peru,PER,2013,Vulnerable ($4-10 a day) Headcount-Rural,1.1.HCount.Vul4to10,35.0127944946289
Peru,PER,2012,Vulnerable ($4-10 a day) Headcount-Rural,1.1.HCount.Vul4to10,32.9726142883301
Peru,PER,2011,Vulnerable ($4-10 a day) Headcount-Rural,1.1.HCount.Vul4to10,31.3906784057617
Peru,PER,2010,Vulnerable ($4-10 a day) Headcount-Rural,1.1.HCount.Vul4to10,30.5725440979004
Peru,PER,2009,Vulnerable ($4-10 a day) Headcount-Rural,1.1.HCount.Vul4to10,26.2357940673828
Peru,PER,2008,Vulnerable ($4-10 a day) Headcount-Rural,1.1.HCount.Vul4to10,23.5003433227539
Peru,PER,2007,Vulnerable ($4-10 a day) Headcount-Rural,1.1.HCount.Vul4to10,18.5149993896484
Peru,PER,2006,Vulnerable ($4-10 a day) Headcount-Rural,1.1.HCount.Vul4to10,16.0918502807617
Peru,PER,2005,Vulnerable ($4-10 a day) Headcount-Rural,1.1.HCount.Vul4to10,13.9362335205078
Peru,PER,2004,Vulnerable ($4-10 a day) Headcount-Rural,1.1.HCount.Vul4to10,14.5817794799805
Peru,PER,2014,Poverty Gap ($1.90 a day)-Rural,1.1.PGap.1.90usd,2.63791584968567
Peru,PER,2013,Poverty Gap ($1.90 a day)-Rural,1.1.PGap.1.90usd,3.09065413475037
Peru,PER,2012,Poverty Gap ($1.90 a day)-Rural,1.1.PGap.1.90usd,3.7065110206604
Peru,PER,2011,Poverty Gap ($1.90 a day)-Rural,1.1.PGap.1.90usd,3.45254945755005
Peru,PER,2010,Poverty Gap ($1.90 a day)-Rural,1.1.PGap.1.90usd,3.91737294197083
Peru,PER,2009,Poverty Gap ($1.90 a day)-Rural,1.1.PGap.1.90usd,5.35005950927734
Peru,PER,2008,Poverty Gap ($1.90 a day)-Rural,1.1.PGap.1.90usd,7.29063367843628
Peru,PER,2007,Poverty Gap ($1.90 a day)-Rural,1.1.PGap.1.90usd,9.65247344970703
Peru,PER,2006,Poverty Gap ($1.90 a day)-Rural,1.1.PGap.1.90usd,11.8129186630249
Peru,PER,2005,Poverty Gap ($1.90 a day)-Rural,1.1.PGap.1.90usd,13.0927095413208
Peru,PER,2004,Poverty Gap ($1.90 a day)-Rural,1.1.PGap.1.90usd,11.0246257781982
Peru,PER,2014,Poverty Gap ($2.50 a day)-Rural,1.1.PGap.2.5usd,9.57262420654297
Peru,PER,2013,Poverty Gap ($2.50 a day)-Rural,1.1.PGap.2.5usd,10.5479917526245
Peru,PER,2012,Poverty Gap ($2.50 a day)-Rural,1.1.PGap.2.5usd,11.7306251525879
Peru,PER,2011,Poverty Gap ($2.50 a day)-Rural,1.1.PGap.2.5usd,11.959680557251
Peru,PER,2010,Poverty Gap ($2.50 a day)-Rural,1.1.PGap.2.5usd,12.6671199798584
Peru,PER,2009,Poverty Gap ($2.50 a day)-Rural,1.1.PGap.2.5usd,15.6180562973022
Peru,PER,2008,Poverty Gap ($2.50 a day)-Rural,1.1.PGap.2.5usd,19.0445709228516
Peru,PER,2007,Poverty Gap ($2.50 a day)-Rural,1.1.PGap.2.5usd,23.2604351043701
Peru,PER,2006,Poverty Gap ($2.50 a day)-Rural,1.1.PGap.2.5usd,26.5056571960449
Peru,PER,2005,Poverty Gap ($2.50 a day)-Rural,1.1.PGap.2.5usd,28.7290554046631
Peru,PER,2004,Poverty Gap ($2.50 a day)-Rural,1.1.PGap.2.5usd,26.0516242980957
Peru,PER,2014,Poverty Gap ($4 a day)-Rural,1.1.PGap.Poor4uds,22.1579170227051
Peru,PER,2013,Poverty Gap ($4 a day)-Rural,1.1.PGap.Poor4uds,23.5264148712158
Peru,PER,2012,Poverty Gap ($4 a day)-Rural,1.1.PGap.Poor4uds,24.9202632904053
Peru,PER,2011,Poverty Gap ($4 a day)-Rural,1.1.PGap.Poor4uds,26.090425491333
Peru,PER,2010,Poverty Gap ($4 a day)-Rural,1.1.PGap.Poor4uds,27.4681777954102
Peru,PER,2009,Poverty Gap ($4 a day)-Rural,1.1.PGap.Poor4uds,31.1034164428711
Peru,PER,2008,Poverty Gap ($4 a day)-Rural,1.1.PGap.Poor4uds,35.0507774353027
Peru,PER,2007,Poverty Gap ($4 a day)-Rural,1.1.PGap.Poor4uds,40.2626304626465
Peru,PER,2006,Poverty Gap ($4 a day)-Rural,1.1.PGap.Poor4uds,44.007438659668
Peru,PER,2005,Poverty Gap ($4 a day)-Rural,1.1.PGap.Poor4uds,46.3960151672363
Peru,PER,2004,Poverty Gap ($4 a day)-Rural,1.1.PGap.Poor4uds,44.1564292907715
Peru,PER,2014,Poverty Severity ($1.90 a day)-Rural,1.1.PSev.1.90usd,0.995694279670715
Peru,PER,2013,Poverty Severity ($1.90 a day)-Rural,1.1.PSev.1.90usd,1.17131733894348
Peru,PER,2012,Poverty Severity ($1.90 a day)-Rural,1.1.PSev.1.90usd,1.46105992794037
Peru,PER,2011,Poverty Severity ($1.90 a day)-Rural,1.1.PSev.1.90usd,1.31718289852142
Peru,PER,2010,Poverty Severity ($1.90 a day)-Rural,1.1.PSev.1.90usd,1.50414848327637
Peru,PER,2009,Poverty Severity ($1.90 a day)-Rural,1.1.PSev.1.90usd,2.21279430389404
Peru,PER,2008,Poverty Severity ($1.90 a day)-Rural,1.1.PSev.1.90usd,3.22454524040222
Peru,PER,2007,Poverty Severity ($1.90 a day)-Rural,1.1.PSev.1.90usd,4.37447690963745
Peru,PER,2006,Poverty Severity ($1.90 a day)-Rural,1.1.PSev.1.90usd,5.46735763549805
Peru,PER,2005,Poverty Severity ($1.90 a day)-Rural,1.1.PSev.1.90usd,6.10245418548584
Peru,PER,2004,Poverty Severity ($1.90 a day)-Rural,1.1.PSev.1.90usd,4.98927402496338
Peru,PER,2014,Poverty Severity ($2.50 a day)-Rural,1.1.PSev.2.5usd,4.26293516159058
Peru,PER,2013,Poverty Severity ($2.50 a day)-Rural,1.1.PSev.2.5usd,4.8197455406189
Peru,PER,2012,Poverty Severity ($2.50 a day)-Rural,1.1.PSev.2.5usd,5.50682401657104
Peru,PER,2011,Poverty Severity ($2.50 a day)-Rural,1.1.PSev.2.5usd,5.43097591400146
Peru,PER,2010,Poverty Severity ($2.50 a day)-Rural,1.1.PSev.2.5usd,5.85579061508179
Peru,PER,2009,Poverty Severity ($2.50 a day)-Rural,1.1.PSev.2.5usd,7.57914972305298
Peru,PER,2008,Poverty Severity ($2.50 a day)-Rural,1.1.PSev.2.5usd,9.75720024108887
Peru,PER,2007,Poverty Severity ($2.50 a day)-Rural,1.1.PSev.2.5usd,12.3514833450317
Peru,PER,2006,Poverty Severity ($2.50 a day)-Rural,1.1.PSev.2.5usd,14.5282754898071
Peru,PER,2005,Poverty Severity ($2.50 a day)-Rural,1.1.PSev.2.5usd,15.9582643508911
Peru,PER,2004,Poverty Severity ($2.50 a day)-Rural,1.1.PSev.2.5usd,13.9371643066406
Peru,PER,2014,Poverty Severity ($4 a day)-Rural,1.1.PSev.Poor4uds,11.6220216751099
Peru,PER,2013,Poverty Severity ($4 a day)-Rural,1.1.PSev.Poor4uds,12.5941848754883
Peru,PER,2012,Poverty Severity ($4 a day)-Rural,1.1.PSev.Poor4uds,13.6709442138672
Peru,PER,2011,Poverty Severity ($4 a day)-Rural,1.1.PSev.Poor4uds,14.1137208938599
Peru,PER,2010,Poverty Severity ($4 a day)-Rural,1.1.PSev.Poor4uds,14.9728050231934
Peru,PER,2009,Poverty Severity ($4 a day)-Rural,1.1.PSev.Poor4uds,17.6995429992676
Peru,PER,2008,Poverty Severity ($4 a day)-Rural,1.1.PSev.Poor4uds,20.8932800292969
Peru,PER,2007,Poverty Severity ($4 a day)-Rural,1.1.PSev.Poor4uds,24.8936100006104
Peru,PER,2006,Poverty Severity ($4 a day)-Rural,1.1.PSev.Poor4uds,27.9399604797363
Peru,PER,2005,Poverty Severity ($4 a day)-Rural,1.1.PSev.Poor4uds,29.9356918334961
Peru,PER,2004,Poverty Severity ($4 a day)-Rural,1.1.PSev.Poor4uds,27.6426601409912
Peru,PER,2014,Poverty Headcount ($1.90 a day)-Urban,1.2.HCount.1.90usd,0.628289878368378
Peru,PER,2013,Poverty Headcount ($1.90 a day)-Urban,1.2.HCount.1.90usd,0.780064880847931
Peru,PER,2012,Poverty Headcount ($1.90 a day)-Urban,1.2.HCount.1.90usd,0.814293026924133
Peru,PER,2011,Poverty Headcount ($1.90 a day)-Urban,1.2.HCount.1.90usd,1.08343660831451
Peru,PER,2010,Poverty Headcount ($1.90 a day)-Urban,1.2.HCount.1.90usd,1.16397845745087
Peru,PER,2009,Poverty Headcount ($1.90 a day)-Urban,1.2.HCount.1.90usd,1.6307680606842
Peru,PER,2008,Poverty Headcount ($1.90 a day)-Urban,1.2.HCount.1.90usd,1.90339851379395
Peru,PER,2007,Poverty Headcount ($1.90 a day)-Urban,1.2.HCount.1.90usd,2.19761157035828
Peru,PER,2006,Poverty Headcount ($1.90 a day)-Urban,1.2.HCount.1.90usd,3.15912961959839
Peru,PER,2005,Poverty Headcount ($1.90 a day)-Urban,1.2.HCount.1.90usd,3.93808341026306
Peru,PER,2004,Poverty Headcount ($1.90 a day)-Urban,1.2.HCount.1.90usd,2.94549632072449
Peru,PER,2014,Poverty Headcount ($2.50 a day)-Urban,1.2.HCount.2.5usd,2.59763264656067
Peru,PER,2013,Poverty Headcount ($2.50 a day)-Urban,1.2.HCount.2.5usd,2.7156834602356
Peru,PER,2012,Poverty Headcount ($2.50 a day)-Urban,1.2.HCount.2.5usd,3.05298137664795
Peru,PER,2011,Poverty Headcount ($2.50 a day)-Urban,1.2.HCount.2.5usd,3.35187172889709
Peru,PER,2010,Poverty Headcount ($2.50 a day)-Urban,1.2.HCount.2.5usd,4.2670202255249
Peru,PER,2009,Poverty Headcount ($2.50 a day)-Urban,1.2.HCount.2.5usd,5.25599908828735
Peru,PER,2008,Poverty Headcount ($2.50 a day)-Urban,1.2.HCount.2.5usd,5.73913383483887
Peru,PER,2007,Poverty Headcount ($2.50 a day)-Urban,1.2.HCount.2.5usd,7.01704406738281
Peru,PER,2006,Poverty Headcount ($2.50 a day)-Urban,1.2.HCount.2.5usd,9.10249137878418
Peru,PER,2005,Poverty Headcount ($2.50 a day)-Urban,1.2.HCount.2.5usd,11.9249839782715
Peru,PER,2004,Poverty Headcount ($2.50 a day)-Urban,1.2.HCount.2.5usd,9.7682409286499
Peru,PER,2014,Middle Class ($10-50 a day) Headcount-Urban,1.2.HCount.Mid10to50,47.1694450378418
Peru,PER,2013,Middle Class ($10-50 a day) Headcount-Urban,1.2.HCount.Mid10to50,46.6058158874512
Peru,PER,2012,Middle Class ($10-50 a day) Headcount-Urban,1.2.HCount.Mid10to50,45.5597229003906
Peru,PER,2011,Middle Class ($10-50 a day) Headcount-Urban,1.2.HCount.Mid10to50,42.897575378418
Peru,PER,2010,Middle Class ($10-50 a day) Headcount-Urban,1.2.HCount.Mid10to50,40.4995155334473
Peru,PER,2009,Middle Class ($10-50 a day) Headcount-Urban,1.2.HCount.Mid10to50,37.5769500732422
Peru,PER,2008,Middle Class ($10-50 a day) Headcount-Urban,1.2.HCount.Mid10to50,36.5262069702148
Peru,PER,2007,Middle Class ($10-50 a day) Headcount-Urban,1.2.HCount.Mid10to50,33.5637130737305
Peru,PER,2006,Middle Class ($10-50 a day) Headcount-Urban,1.2.HCount.Mid10to50,28.8649749755859
Peru,PER,2005,Middle Class ($10-50 a day) Headcount-Urban,1.2.HCount.Mid10to50,23.9629440307617
Peru,PER,2004,Middle Class ($10-50 a day) Headcount-Urban,1.2.HCount.Mid10to50,26.7254409790039
Peru,PER,2014,Official Moderate Poverty Rate-Urban,1.2.HCount.Ofcl,15.3
Peru,PER,2013,Official Moderate Poverty Rate-Urban,1.2.HCount.Ofcl,16.1
Peru,PER,2012,Official Moderate Poverty Rate-Urban,1.2.HCount.Ofcl,16.6
Peru,PER,2011,Official Moderate Poverty Rate-Urban,1.2.HCount.Ofcl,18
Peru,PER,2010,Official Moderate Poverty Rate-Urban,1.2.HCount.Ofcl,20
Peru,PER,2009,Official Moderate Poverty Rate-Urban,1.2.HCount.Ofcl,21.3
Peru,PER,2008,Official Moderate Poverty Rate-Urban,1.2.HCount.Ofcl,25.4
Peru,PER,2007,Official Moderate Poverty Rate-Urban,1.2.HCount.Ofcl,30.1
Peru,PER,2006,Official Moderate Poverty Rate-Urban,1.2.HCount.Ofcl,37
Peru,PER,2005,Official Moderate Poverty Rate-Urban,1.2.HCount.Ofcl,44.5
Peru,PER,2004,Official Moderate Poverty Rate-Urban,1.2.HCount.Ofcl,48.2
Peru,PER,2003,Official Moderate Poverty Rate-Urban,1.2.HCount.Ofcl,39.96229
Peru,PER,2002,Official Moderate Poverty Rate-Urban,1.2.HCount.Ofcl,42.13754
Peru,PER,2001,Official Moderate Poverty Rate-Urban,1.2.HCount.Ofcl,42
Peru,PER,2000,Official Moderate Poverty Rate-Urban,1.2.HCount.Ofcl,36.9
Peru,PER,2014,Poverty Headcount ($4 a day)-Urban,1.2.HCount.Poor4uds,8.98621082305908
Peru,PER,2013,Poverty Headcount ($4 a day)-Urban,1.2.HCount.Poor4uds,9.65539455413818
Peru,PER,2012,Poverty Headcount ($4 a day)-Urban,1.2.HCount.Poor4uds,9.73241996765137
Peru,PER,2011,Poverty Headcount ($4 a day)-Urban,1.2.HCount.Poor4uds,11.4968814849854
Peru,PER,2010,Poverty Headcount ($4 a day)-Urban,1.2.HCount.Poor4uds,12.633978843689
Peru,PER,2009,Poverty Headcount ($4 a day)-Urban,1.2.HCount.Poor4uds,15.1713190078735
Peru,PER,2008,Poverty Headcount ($4 a day)-Urban,1.2.HCount.Poor4uds,16.4333686828613
Peru,PER,2007,Poverty Headcount ($4 a day)-Urban,1.2.HCount.Poor4uds,19.1474170684814
Peru,PER,2006,Poverty Headcount ($4 a day)-Urban,1.2.HCount.Poor4uds,24.1149749755859
Peru,PER,2005,Poverty Headcount ($4 a day)-Urban,1.2.HCount.Poor4uds,29.4028396606445
Peru,PER,2004,Poverty Headcount ($4 a day)-Urban,1.2.HCount.Poor4uds,25.7257251739502
Peru,PER,2014,Vulnerable ($4-10 a day) Headcount-Urban,1.2.HCount.Vul4to10,41.9135818481445
Peru,PER,2013,Vulnerable ($4-10 a day) Headcount-Urban,1.2.HCount.Vul4to10,41.9430961608887
Peru,PER,2012,Vulnerable ($4-10 a day) Headcount-Urban,1.2.HCount.Vul4to10,42.7613830566406
Peru,PER,2011,Vulnerable ($4-10 a day) Headcount-Urban,1.2.HCount.Vul4to10,43.7550735473633
Peru,PER,2010,Vulnerable ($4-10 a day) Headcount-Urban,1.2.HCount.Vul4to10,45.2480583190918
Peru,PER,2009,Vulnerable ($4-10 a day) Headcount-Urban,1.2.HCount.Vul4to10,45.5007171630859
Peru,PER,2008,Vulnerable ($4-10 a day) Headcount-Urban,1.2.HCount.Vul4to10,45.3942222595215
Peru,PER,2007,Vulnerable ($4-10 a day) Headcount-Urban,1.2.HCount.Vul4to10,45.4571075439453
Peru,PER,2006,Vulnerable ($4-10 a day) Headcount-Urban,1.2.HCount.Vul4to10,45.56640625
Peru,PER,2005,Vulnerable ($4-10 a day) Headcount-Urban,1.2.HCount.Vul4to10,45.2958755493164
Peru,PER,2004,Vulnerable ($4-10 a day) Headcount-Urban,1.2.HCount.Vul4to10,46.2246856689453
Peru,PER,2014,Poverty Gap ($1.90 a day)-Urban,1.2.PGap.1.90usd,0.197340101003647
Peru,PER,2013,Poverty Gap ($1.90 a day)-Urban,1.2.PGap.1.90usd,0.227393314242363
Peru,PER,2012,Poverty Gap ($1.90 a day)-Urban,1.2.PGap.1.90usd,0.257082968950272
Peru,PER,2011,Poverty Gap ($1.90 a day)-Urban,1.2.PGap.1.90usd,0.32739046216011
Peru,PER,2010,Poverty Gap ($1.90 a day)-Urban,1.2.PGap.1.90usd,0.360864192247391
Peru,PER,2009,Poverty Gap ($1.90 a day)-Urban,1.2.PGap.1.90usd,0.510586023330688
Peru,PER,2008,Poverty Gap ($1.90 a day)-Urban,1.2.PGap.1.90usd,0.504141211509705
Peru,PER,2007,Poverty Gap ($1.90 a day)-Urban,1.2.PGap.1.90usd,0.685727775096893
Peru,PER,2006,Poverty Gap ($1.90 a day)-Urban,1.2.PGap.1.90usd,0.954613983631134
Peru,PER,2005,Poverty Gap ($1.90 a day)-Urban,1.2.PGap.1.90usd,1.07980382442474
Peru,PER,2004,Poverty Gap ($1.90 a day)-Urban,1.2.PGap.1.90usd,0.848141014575958
Peru,PER,2014,Poverty Gap ($2.50 a day)-Urban,1.2.PGap.2.5usd,0.718586027622223
Peru,PER,2013,Poverty Gap ($2.50 a day)-Urban,1.2.PGap.2.5usd,0.772508025169373
Peru,PER,2012,Poverty Gap ($2.50 a day)-Urban,1.2.PGap.2.5usd,0.863053560256958
Peru,PER,2011,Poverty Gap ($2.50 a day)-Urban,1.2.PGap.2.5usd,1.00902438163757
Peru,PER,2010,Poverty Gap ($2.50 a day)-Urban,1.2.PGap.2.5usd,1.17573583126068
Peru,PER,2009,Poverty Gap ($2.50 a day)-Urban,1.2.PGap.2.5usd,1.55171954631805
Peru,PER,2008,Poverty Gap ($2.50 a day)-Urban,1.2.PGap.2.5usd,1.73032879829407
Peru,PER,2007,Poverty Gap ($2.50 a day)-Urban,1.2.PGap.2.5usd,2.11284470558167
Peru,PER,2006,Poverty Gap ($2.50 a day)-Urban,1.2.PGap.2.5usd,2.86654043197632
Peru,PER,2005,Poverty Gap ($2.50 a day)-Urban,1.2.PGap.2.5usd,3.5941174030304
Peru,PER,2004,Poverty Gap ($2.50 a day)-Urban,1.2.PGap.2.5usd,2.87418413162231
Peru,PER,2014,Poverty Gap ($4 a day)-Urban,1.2.PGap.Poor4uds,2.49221205711365
Peru,PER,2013,Poverty Gap ($4 a day)-Urban,1.2.PGap.Poor4uds,2.62207651138306
Peru,PER,2012,Poverty Gap ($4 a day)-Urban,1.2.PGap.Poor4uds,2.79695534706116
Peru,PER,2011,Poverty Gap ($4 a day)-Urban,1.2.PGap.Poor4uds,3.21092057228088
Peru,PER,2010,Poverty Gap ($4 a day)-Urban,1.2.PGap.Poor4uds,3.72913885116577
Peru,PER,2009,Poverty Gap ($4 a day)-Urban,1.2.PGap.Poor4uds,4.68353891372681
Peru,PER,2008,Poverty Gap ($4 a day)-Urban,1.2.PGap.Poor4uds,5.02583122253418
Peru,PER,2007,Poverty Gap ($4 a day)-Urban,1.2.PGap.Poor4uds,6.09964275360107
Peru,PER,2006,Poverty Gap ($4 a day)-Urban,1.2.PGap.Poor4uds,7.95484066009521
Peru,PER,2005,Poverty Gap ($4 a day)-Urban,1.2.PGap.Poor4uds,10.0055484771729
Peru,PER,2004,Poverty Gap ($4 a day)-Urban,1.2.PGap.Poor4uds,8.40277099609375
Peru,PER,2014,Poverty Severity ($1.90 a day)-Urban,1.2.PSev.1.90usd,0.0978544875979424
Peru,PER,2013,Poverty Severity ($1.90 a day)-Urban,1.2.PSev.1.90usd,0.105146899819374
Peru,PER,2012,Poverty Severity ($1.90 a day)-Urban,1.2.PSev.1.90usd,0.134264573454857
Peru,PER,2011,Poverty Severity ($1.90 a day)-Urban,1.2.PSev.1.90usd,0.160152912139893
Peru,PER,2010,Poverty Severity ($1.90 a day)-Urban,1.2.PSev.1.90usd,0.176945522427559
Peru,PER,2009,Poverty Severity ($1.90 a day)-Urban,1.2.PSev.1.90usd,0.263125598430634
Peru,PER,2008,Poverty Severity ($1.90 a day)-Urban,1.2.PSev.1.90usd,0.222237601876259
Peru,PER,2007,Poverty Severity ($1.90 a day)-Urban,1.2.PSev.1.90usd,0.328472465276718
Peru,PER,2006,Poverty Severity ($1.90 a day)-Urban,1.2.PSev.1.90usd,0.434912800788879
Peru,PER,2005,Poverty Severity ($1.90 a day)-Urban,1.2.PSev.1.90usd,0.47156086564064
Peru,PER,2004,Poverty Severity ($1.90 a day)-Urban,1.2.PSev.1.90usd,0.384197443723679
Peru,PER,2014,Poverty Severity ($2.50 a day)-Urban,1.2.PSev.2.5usd,0.3155138194561
Peru,PER,2013,Poverty Severity ($2.50 a day)-Urban,1.2.PSev.2.5usd,0.347078442573547
Peru,PER,2012,Poverty Severity ($2.50 a day)-Urban,1.2.PSev.2.5usd,0.39294245839119
Peru,PER,2011,Poverty Severity ($2.50 a day)-Urban,1.2.PSev.2.5usd,0.474349975585938
Peru,PER,2010,Poverty Severity ($2.50 a day)-Urban,1.2.PSev.2.5usd,0.530308961868286
Peru,PER,2009,Poverty Severity ($2.50 a day)-Urban,1.2.PSev.2.5usd,0.73468953371048
Peru,PER,2008,Poverty Severity ($2.50 a day)-Urban,1.2.PSev.2.5usd,0.782390832901001
Peru,PER,2007,Poverty Severity ($2.50 a day)-Urban,1.2.PSev.2.5usd,0.989134967327118
Peru,PER,2006,Poverty Severity ($2.50 a day)-Urban,1.2.PSev.2.5usd,1.35784018039703
Peru,PER,2005,Poverty Severity ($2.50 a day)-Urban,1.2.PSev.2.5usd,1.62800073623657
Peru,PER,2004,Poverty Severity ($2.50 a day)-Urban,1.2.PSev.2.5usd,1.29137980937958
Peru,PER,2014,Poverty Severity ($4 a day)-Urban,1.2.PSev.Poor4uds,1.07576751708984
Peru,PER,2013,Poverty Severity ($4 a day)-Urban,1.2.PSev.Poor4uds,1.13586592674255
Peru,PER,2012,Poverty Severity ($4 a day)-Urban,1.2.PSev.Poor4uds,1.24981319904327
Peru,PER,2011,Poverty Severity ($4 a day)-Urban,1.2.PSev.Poor4uds,1.4313862323761
Peru,PER,2010,Poverty Severity ($4 a day)-Urban,1.2.PSev.Poor4uds,1.68349814414978
Peru,PER,2009,Poverty Severity ($4 a day)-Urban,1.2.PSev.Poor4uds,2.16662693023682
Peru,PER,2008,Poverty Severity ($4 a day)-Urban,1.2.PSev.Poor4uds,2.34489727020264
Peru,PER,2007,Poverty Severity ($4 a day)-Urban,1.2.PSev.Poor4uds,2.8887505531311
Peru,PER,2006,Poverty Severity ($4 a day)-Urban,1.2.PSev.Poor4uds,3.83098006248474
Peru,PER,2005,Poverty Severity ($4 a day)-Urban,1.2.PSev.Poor4uds,4.81033086776733
Peru,PER,2004,Poverty Severity ($4 a day)-Urban,1.2.PSev.Poor4uds,3.94681763648987
Peru,PER,2014,Coverage: Mobile Phone,2.0.cov.Cel,88.4176092158898
Peru,PER,2012,Coverage: Mobile Phone,2.0.cov.Cel,83.0246855529856
Peru,PER,2000,Coverage: Mobile Phone,2.0.cov.Cel,5.15482549262705
Peru,PER,2014,Coverage: Electricity,2.0.cov.Ele,91.0461410874594
Peru,PER,2012,Coverage: Electricity,2.0.cov.Ele,88.1877291084659
Peru,PER,2000,Coverage: Electricity,2.0.cov.Ele,65.5168133259347
Peru,PER,2014,Coverage: Internet,2.0.cov.Int,20.2264749140482
Peru,PER,2012,Coverage: Internet,2.0.cov.Int,17.4946925515821
Peru,PER,2000,Coverage: Internet,2.0.cov.Int,0.421747217250725
Peru,PER,2012,Coverage: Mathematics Proficiency Level 2,2.0.cov.Math.pl_2.all,26.4204216322311
Peru,PER,2009,Coverage: Mathematics Proficiency Level 2,2.0.cov.Math.pl_2.all,27.5873143583746
Peru,PER,2012,"Coverage: Mathematics Proficiency Level 2, Private schools",2.0.cov.Math.pl_2.prv,51.9161502434124
Peru,PER,2009,"Coverage: Mathematics Proficiency Level 2, Private schools",2.0.cov.Math.pl_2.prv,56.4448071697934
Peru,PER,2012,"Coverage: Mathematics Proficiency Level 2, Public schools",2.0.cov.Math.pl_2.pub,17.5525522298555
Peru,PER,2009,"Coverage: Mathematics Proficiency Level 2, Public schools",2.0.cov.Math.pl_2.pub,18.6370265690387
Peru,PER,2012,Coverage: Mathematics Proficiency Level 3,2.0.cov.Math.pl_3.all,9.58078053406338
Peru,PER,2009,Coverage: Mathematics Proficiency Level 3,2.0.cov.Math.pl_3.all,9.38792840180675
Peru,PER,2012,"Coverage: Mathematics Proficiency Level 3, Private schools",2.0.cov.Math.pl_3.prv,24.549766234566
Peru,PER,2009,"Coverage: Mathematics Proficiency Level 3, Private schools",2.0.cov.Math.pl_3.prv,27.4351880934107
Peru,PER,2012,"Coverage: Mathematics Proficiency Level 3, Public schools",2.0.cov.Math.pl_3.pub,4.91458282245794
Peru,PER,2009,"Coverage: Mathematics Proficiency Level 3, Public schools",2.0.cov.Math.pl_3.pub,3.91825440996083
Peru,PER,2012,Coverage: Reading Proficiency Level 2,2.0.cov.Read.pl_2.all,42.3824150680068
Peru,PER,2009,Coverage: Reading Proficiency Level 2,2.0.cov.Read.pl_2.all,38.031289541631
Peru,PER,2012,"Coverage: Reading Proficiency Level 2, Private schools",2.0.cov.Read.pl_2.prv,67.8033896372894
Peru,PER,2009,"Coverage: Reading Proficiency Level 2, Private schools",2.0.cov.Read.pl_2.prv,66.2267034751192
Peru,PER,2012,"Coverage: Reading Proficiency Level 2, Public schools",2.0.cov.Read.pl_2.pub,33.4052216652868
Peru,PER,2009,"Coverage: Reading Proficiency Level 2, Public schools",2.0.cov.Read.pl_2.pub,29.2863485325238
Peru,PER,2012,Coverage: Reading Proficiency Level 3,2.0.cov.Read.pl_3.all,15.3322267359787
Peru,PER,2009,Coverage: Reading Proficiency Level 3,2.0.cov.Read.pl_3.all,13.756096734036
Peru,PER,2012,"Coverage: Reading Proficiency Level 3, Private schools",2.0.cov.Read.pl_3.prv,32.8989463303293
Peru,PER,2009,"Coverage: Reading Proficiency Level 3, Private schools",2.0.cov.Read.pl_3.prv,33.5025854958543
Peru,PER,2012,"Coverage: Reading Proficiency Level 3, Public schools",2.0.cov.Read.pl_3.pub,9.15931191817129
Peru,PER,2009,"Coverage: Reading Proficiency Level 3, Public schools",2.0.cov.Read.pl_3.pub,7.7876554284893
Peru,PER,2014,Coverage: Sanitation,2.0.cov.San,74.055892992211
Peru,PER,2012,Coverage: Sanitation,2.0.cov.San,73.2039038775067
Peru,PER,2000,Coverage: Sanitation,2.0.cov.San,55.3044032373888
Peru,PER,2014,Coverage: School Enrollment,2.0.cov.Sch,97.8815481571819
Peru,PER,2012,Coverage: School Enrollment,2.0.cov.Sch,97.7839553835279
Peru,PER,2000,Coverage: School Enrollment,2.0.cov.Sch,95.5235443451528
Peru,PER,2012,Coverage: Science Proficiency Level 2,2.0.cov.Scie.pl_2.all,33.1374732882212
Peru,PER,2009,Coverage: Science Proficiency Level 2,2.0.cov.Scie.pl_2.all,33.3435853038552
Peru,PER,2012,"Coverage: Science Proficiency Level 2, Private schools",2.0.cov.Scie.pl_2.prv,57.0572049878653
Peru,PER,2009,"Coverage: Science Proficiency Level 2, Private schools",2.0.cov.Scie.pl_2.prv,61.4357817306375
Peru,PER,2012,"Coverage: Science Proficiency Level 2, Public schools",2.0.cov.Scie.pl_2.pub,24.8110626891639
Peru,PER,2009,"Coverage: Science Proficiency Level 2, Public schools",2.0.cov.Scie.pl_2.pub,24.630657777289
Peru,PER,2012,Coverage: Science Proficiency Level 3,2.0.cov.Scie.pl_3.all,7.61758491167588
Peru,PER,2009,Coverage: Science Proficiency Level 3,2.0.cov.Scie.pl_3.all,9.59015590862456
Peru,PER,2012,"Coverage: Science Proficiency Level 3, Private schools",2.0.cov.Scie.pl_3.prv,19.498199117247
Peru,PER,2009,"Coverage: Science Proficiency Level 3, Private schools",2.0.cov.Scie.pl_3.prv,28.2735913784566
Peru,PER,2012,"Coverage: Science Proficiency Level 3, Public schools",2.0.cov.Scie.pl_3.pub,3.4016088215593
Peru,PER,2009,"Coverage: Science Proficiency Level 3, Public schools",2.0.cov.Scie.pl_3.pub,4.17428886741712
Peru,PER,2014,Coverage: Water,2.0.cov.Wat,75.8401956164195
Peru,PER,2012,Coverage: Water,2.0.cov.Wat,71.1562431978879
Peru,PER,2000,Coverage: Water,2.0.cov.Wat,54.5793995558916
Peru,PER,2014,HOI: Mobile Phone,2.0.hoi.Cel,84.2174423844904
Peru,PER,2012,HOI: Mobile Phone,2.0.hoi.Cel,76.5395157235867
Peru,PER,2000,HOI: Mobile Phone,2.0.hoi.Cel,2.35763695697821
Peru,PER,2014,HOI: Electricity,2.0.hoi.Ele,85.5127450015395
Peru,PER,2012,HOI: Electricity,2.0.hoi.Ele,81.0340957551468
Peru,PER,2000,HOI: Electricity,2.0.hoi.Ele,48.4949208771082
Peru,PER,2014,HOI: Internet,2.0.hoi.Int,11.3778118278824
Peru,PER,2012,HOI: Internet,2.0.hoi.Int,9.3546759081172
Peru,PER,2000,HOI: Internet,2.0.hoi.Int,0.137133164729228
Peru,PER,2012,HOI: Mathematics Proficiency Level 2,2.0.hoi.Math.pl_2.all,17.8688192223394
Peru,PER,2009,HOI: Mathematics Proficiency Level 2,2.0.hoi.Math.pl_2.all,17.4270639434904
Peru,PER,2012,"HOI: Mathematics Proficiency Level 2, Private schools",2.0.hoi.Math.pl_2.prv,44.2371921401287
Peru,PER,2009,"HOI: Mathematics Proficiency Level 2, Private schools",2.0.hoi.Math.pl_2.prv,47.2396131779745
Peru,PER,2012,"HOI: Mathematics Proficiency Level 2, Public schools",2.0.hoi.Math.pl_2.pub,11.4282833135639
Peru,PER,2009,"HOI: Mathematics Proficiency Level 2, Public schools",2.0.hoi.Math.pl_2.pub,11.5183143999805
Peru,PER,2012,HOI: Mathematics Proficiency Level 3,2.0.hoi.Math.pl_3.all,5.42006395568396
Peru,PER,2009,HOI: Mathematics Proficiency Level 3,2.0.hoi.Math.pl_3.all,4.44557198710228
Peru,PER,2012,"HOI: Mathematics Proficiency Level 3, Private schools",2.0.hoi.Math.pl_3.prv,18.2187720365923
Peru,PER,2009,"HOI: Mathematics Proficiency Level 3, Private schools",2.0.hoi.Math.pl_3.prv,18.6332378802697
Peru,PER,2012,"HOI: Mathematics Proficiency Level 3, Public schools",2.0.hoi.Math.pl_3.pub,2.80514340219954
Peru,PER,2009,"HOI: Mathematics Proficiency Level 3, Public schools",2.0.hoi.Math.pl_3.pub,1.92366994797253
Peru,PER,2012,HOI: Reading Proficiency Level 2,2.0.hoi.Read.pl_2.all,31.101128113276
Peru,PER,2009,HOI: Reading Proficiency Level 2,2.0.hoi.Read.pl_2.all,26.4099889046891
Peru,PER,2012,"HOI: Reading Proficiency Level 2, Private schools",2.0.hoi.Read.pl_2.prv,60.369703726215
Peru,PER,2009,"HOI: Reading Proficiency Level 2, Private schools",2.0.hoi.Read.pl_2.prv,57.5747668416435
Peru,PER,2012,"HOI: Reading Proficiency Level 2, Public schools",2.0.hoi.Read.pl_2.pub,23.3866238925628
Peru,PER,2009,"HOI: Reading Proficiency Level 2, Public schools",2.0.hoi.Read.pl_2.pub,19.8158762486863
Peru,PER,2012,HOI: Reading Proficiency Level 3,2.0.hoi.Read.pl_3.all,9.0128775219366
Peru,PER,2009,HOI: Reading Proficiency Level 3,2.0.hoi.Read.pl_3.all,7.35675400354337
Peru,PER,2012,"HOI: Reading Proficiency Level 3, Private schools",2.0.hoi.Read.pl_3.prv,24.8718890569376
Peru,PER,2009,"HOI: Reading Proficiency Level 3, Private schools",2.0.hoi.Read.pl_3.prv,24.8503804551365
Peru,PER,2012,"HOI: Reading Proficiency Level 3, Public schools",2.0.hoi.Read.pl_3.pub,4.92369526045314
Peru,PER,2009,"HOI: Reading Proficiency Level 3, Public schools",2.0.hoi.Read.pl_3.pub,4.10166762060012
Peru,PER,2014,HOI: Sanitation,2.0.hoi.San,66.0123524901854
Peru,PER,2012,HOI: Sanitation,2.0.hoi.San,64.6324543715915
Peru,PER,2000,HOI: Sanitation,2.0.hoi.San,39.9191376756863
Peru,PER,2014,HOI: School Enrollment,2.0.hoi.Sch,97.2481984094636
Peru,PER,2012,HOI: School Enrollment,2.0.hoi.Sch,96.849898223882
Peru,PER,2000,HOI: School Enrollment,2.0.hoi.Sch,94.0443034874611
Peru,PER,2012,HOI: Science Proficiency Level 2,2.0.hoi.Scie.pl_2.all,23.4651592071844
Peru,PER,2009,HOI: Science Proficiency Level 2,2.0.hoi.Scie.pl_2.all,23.2147441336907
Peru,PER,2012,"HOI: Science Proficiency Level 2, Private schools",2.0.hoi.Scie.pl_2.prv,50.2345212993089
Peru,PER,2009,"HOI: Science Proficiency Level 2, Private schools",2.0.hoi.Scie.pl_2.prv,53.9869296083638
Peru,PER,2012,"HOI: Science Proficiency Level 2, Public schools",2.0.hoi.Scie.pl_2.pub,16.9961329996876
Peru,PER,2009,"HOI: Science Proficiency Level 2, Public schools",2.0.hoi.Scie.pl_2.pub,16.8826040065105
Peru,PER,2012,HOI: Science Proficiency Level 3,2.0.hoi.Scie.pl_3.all,4.24338632813102
Peru,PER,2009,HOI: Science Proficiency Level 3,2.0.hoi.Scie.pl_3.all,4.9905238352194
Peru,PER,2012,"HOI: Science Proficiency Level 3, Private schools",2.0.hoi.Scie.pl_3.prv,13.9556174043093
Peru,PER,2009,"HOI: Science Proficiency Level 3, Private schools",2.0.hoi.Scie.pl_3.prv,21.224942347983
Peru,PER,2012,"HOI: Science Proficiency Level 3, Public schools",2.0.hoi.Scie.pl_3.pub,1.83935717943633
Peru,PER,2009,"HOI: Science Proficiency Level 3, Public schools",2.0.hoi.Scie.pl_3.pub,2.31365881449803
Peru,PER,2014,HOI: Water,2.0.hoi.Wat,70.5642455063763
Peru,PER,2012,HOI: Water,2.0.hoi.Wat,64.0783018532302
Peru,PER,2000,HOI: Water,2.0.hoi.Wat,44.5299387568753
Peru,PER,2014,"Atkinson, A(.5)",3.0.Atkin.0.5,0.16065040221397
Peru,PER,2013,"Atkinson, A(.5)",3.0.Atkin.0.5,0.165190817554181
Peru,PER,2012,"Atkinson, A(.5)",3.0.Atkin.0.5,0.168888153120285
Peru,PER,2011,"Atkinson, A(.5)",3.0.Atkin.0.5,0.171835228094565
Peru,PER,2010,"Atkinson, A(.5)",3.0.Atkin.0.5,0.17713960873613
Peru,PER,2009,"Atkinson, A(.5)",3.0.Atkin.0.5,0.190009074687323
Peru,PER,2008,"Atkinson, A(.5)",3.0.Atkin.0.5,0.196012183143514
Peru,PER,2007,"Atkinson, A(.5)",3.0.Atkin.0.5,0.219810550334235
Peru,PER,2006,"Atkinson, A(.5)",3.0.Atkin.0.5,0.221733324940429
Peru,PER,2005,"Atkinson, A(.5)",3.0.Atkin.0.5,0.222483993749507
Peru,PER,2004,"Atkinson, A(.5)",3.0.Atkin.0.5,0.216780483985304
Peru,PER,2014,"Atkinson, A(1)",3.0.Atkin.1,0.295111066097345
Peru,PER,2013,"Atkinson, A(1)",3.0.Atkin.1,0.302739765622735
Peru,PER,2012,"Atkinson, A(1)",3.0.Atkin.1,0.309319956622184
Peru,PER,2011,"Atkinson, A(1)",3.0.Atkin.1,0.311870388980131
Peru,PER,2010,"Atkinson, A(1)",3.0.Atkin.1,0.318963593138949
Peru,PER,2009,"Atkinson, A(1)",3.0.Atkin.1,0.340737869609391
Peru,PER,2008,"Atkinson, A(1)",3.0.Atkin.1,0.351198914070445
Peru,PER,2007,"Atkinson, A(1)",3.0.Atkin.1,0.385408302957076
Peru,PER,2006,"Atkinson, A(1)",3.0.Atkin.1,0.38807879053385
Peru,PER,2005,"Atkinson, A(1)",3.0.Atkin.1,0.387004857902137
Peru,PER,2004,"Atkinson, A(1)",3.0.Atkin.1,0.377889390843338
Peru,PER,2014,"Atkinson, A(2)",3.0.Atkin.2,0.51684097345386
Peru,PER,2013,"Atkinson, A(2)",3.0.Atkin.2,0.532832496464166
Peru,PER,2012,"Atkinson, A(2)",3.0.Atkin.2,0.553835087320351
Peru,PER,2011,"Atkinson, A(2)",3.0.Atkin.2,0.535624954156333
Peru,PER,2010,"Atkinson, A(2)",3.0.Atkin.2,0.538982604696793
Peru,PER,2009,"Atkinson, A(2)",3.0.Atkin.2,0.569246830107612
Peru,PER,2008,"Atkinson, A(2)",3.0.Atkin.2,0.586263410590588
Peru,PER,2007,"Atkinson, A(2)",3.0.Atkin.2,0.619346617673344
Peru,PER,2006,"Atkinson, A(2)",3.0.Atkin.2,0.620161219467768
Peru,PER,2005,"Atkinson, A(2)",3.0.Atkin.2,0.633431115754535
Peru,PER,2004,"Atkinson, A(2)",3.0.Atkin.2,0.600397681384797
Peru,PER,2014,"Generalized Entrophy, GE(-1)",3.0.GenEnt-1,0.534855963623888
Peru,PER,2013,"Generalized Entrophy, GE(-1)",3.0.GenEnt-1,0.570279923615584
Peru,PER,2012,"Generalized Entrophy, GE(-1)",3.0.GenEnt-1,0.620661857959688
Peru,PER,2011,"Generalized Entrophy, GE(-1)",3.0.GenEnt-1,0.576715909855958
Peru,PER,2010,"Generalized Entrophy, GE(-1)",3.0.GenEnt-1,0.584557773945069
Peru,PER,2009,"Generalized Entrophy, GE(-1)",3.0.GenEnt-1,0.66075756360637
Peru,PER,2008,"Generalized Entrophy, GE(-1)",3.0.GenEnt-1,0.70849838471798
Peru,PER,2007,"Generalized Entrophy, GE(-1)",3.0.GenEnt-1,0.813530952868123
Peru,PER,2006,"Generalized Entrophy, GE(-1)",3.0.GenEnt-1,0.816347949778585
Peru,PER,2005,"Generalized Entrophy, GE(-1)",3.0.GenEnt-1,0.864000114273728
Peru,PER,2004,"Generalized Entrophy, GE(-1)",3.0.GenEnt-1,0.7512439911078
Peru,PER,2014,"Generalized Entrophy, GE(2)",3.0.GenEnt2,0.5843377724433
Peru,PER,2013,"Generalized Entrophy, GE(2)",3.0.GenEnt2,0.595050694151404
Peru,PER,2012,"Generalized Entrophy, GE(2)",3.0.GenEnt2,0.629489531321624
Peru,PER,2011,"Generalized Entrophy, GE(2)",3.0.GenEnt2,0.666044659850272
Peru,PER,2010,"Generalized Entrophy, GE(2)",3.0.GenEnt2,0.727042901671744
Peru,PER,2009,"Generalized Entrophy, GE(2)",3.0.GenEnt2,0.782331034600477
Peru,PER,2008,"Generalized Entrophy, GE(2)",3.0.GenEnt2,1.05920490354272
Peru,PER,2007,"Generalized Entrophy, GE(2)",3.0.GenEnt2,1.10565355276541
Peru,PER,2006,"Generalized Entrophy, GE(2)",3.0.GenEnt2,1.05667790861189
Peru,PER,2005,"Generalized Entrophy, GE(2)",3.0.GenEnt2,1.00000813586851
Peru,PER,2004,"Generalized Entrophy, GE(2)",3.0.GenEnt2,1.00188954951135
Peru,PER,2014,Gini Coefficient,3.0.Gini,0.441366182516962
Peru,PER,2013,Gini Coefficient,3.0.Gini,0.447268109195591
Peru,PER,2012,Gini Coefficient,3.0.Gini,0.451057394090921
Peru,PER,2011,Gini Coefficient,3.0.Gini,0.454767740954443
Peru,PER,2010,Gini Coefficient,3.0.Gini,0.462062555913214
Peru,PER,2009,Gini Coefficient,3.0.Gini,0.479571142203668
Peru,PER,2008,Gini Coefficient,3.0.Gini,0.485494548190338
Peru,PER,2007,Gini Coefficient,3.0.Gini,0.513527550092238
Peru,PER,2006,Gini Coefficient,3.0.Gini,0.516666337797422
Peru,PER,2005,Gini Coefficient,3.0.Gini,0.518388556331036
Peru,PER,2004,Gini Coefficient,3.0.Gini,0.511965939508557
Peru,PER,2014,Gini Coefficient (No Zero Income),3.0.Gini_nozero,0.441359613854373
Peru,PER,2013,Gini Coefficient (No Zero Income),3.0.Gini_nozero,0.447266637318488
Peru,PER,2012,Gini Coefficient (No Zero Income),3.0.Gini_nozero,0.451024339455303
Peru,PER,2011,Gini Coefficient (No Zero Income),3.0.Gini_nozero,0.454767740954443
Peru,PER,2010,Gini Coefficient (No Zero Income),3.0.Gini_nozero,0.462062555913214
Peru,PER,2009,Gini Coefficient (No Zero Income),3.0.Gini_nozero,0.479531965690055
Peru,PER,2008,Gini Coefficient (No Zero Income),3.0.Gini_nozero,0.485435164288358
Peru,PER,2007,Gini Coefficient (No Zero Income),3.0.Gini_nozero,0.513513049299676
Peru,PER,2006,Gini Coefficient (No Zero Income),3.0.Gini_nozero,0.516648280121316
Peru,PER,2005,Gini Coefficient (No Zero Income),3.0.Gini_nozero,0.518384018283358
Peru,PER,2004,Gini Coefficient (No Zero Income),3.0.Gini_nozero,0.511927162878209
Peru,PER,2014,Income Share of First Quintile,3.0.IncShr.q1,0.0456873466740944
Peru,PER,2013,Income Share of First Quintile,3.0.IncShr.q1,0.0443808901504419
Peru,PER,2012,Income Share of First Quintile,3.0.IncShr.q1,0.0428449714320738
Peru,PER,2011,Income Share of First Quintile,3.0.IncShr.q1,0.0430937166517015
Peru,PER,2010,Income Share of First Quintile,3.0.IncShr.q1,0.0424175737268994
Peru,PER,2009,Income Share of First Quintile,3.0.IncShr.q1,0.0393848535117086
Peru,PER,2008,Income Share of First Quintile,3.0.IncShr.q1,0.0369582920584243
Peru,PER,2007,Income Share of First Quintile,3.0.IncShr.q1,0.0333345356229448
Peru,PER,2006,Income Share of First Quintile,3.0.IncShr.q1,0.0332188336504137
Peru,PER,2005,Income Share of First Quintile,3.0.IncShr.q1,0.0343884392841184
Peru,PER,2004,Income Share of First Quintile,3.0.IncShr.q1,0.035592659681344
Peru,PER,2014,Income Share of Second Quintile,3.0.IncShr.q2,0.095109067651196
Peru,PER,2013,Income Share of Second Quintile,3.0.IncShr.q2,0.0934317224318339
Peru,PER,2012,Income Share of Second Quintile,3.0.IncShr.q2,0.0930154122704437
Peru,PER,2011,Income Share of Second Quintile,3.0.IncShr.q2,0.0914005600077436
Peru,PER,2010,Income Share of Second Quintile,3.0.IncShr.q2,0.0897483409642147
Peru,PER,2009,Income Share of Second Quintile,3.0.IncShr.q2,0.0845520650095884
Peru,PER,2008,Income Share of Second Quintile,3.0.IncShr.q2,0.0830907061945835
Peru,PER,2007,Income Share of Second Quintile,3.0.IncShr.q2,0.0761699523015192
Peru,PER,2006,Income Share of Second Quintile,3.0.IncShr.q2,0.0750385756037987
Peru,PER,2005,Income Share of Second Quintile,3.0.IncShr.q2,0.0751618369620717
Peru,PER,2004,Income Share of Second Quintile,3.0.IncShr.q2,0.0764083004685371
Peru,PER,2014,Income Share of Third Quintile,3.0.IncShr.q3,0.146833696025302
Peru,PER,2013,Income Share of Third Quintile,3.0.IncShr.q3,0.145732250956463
Peru,PER,2012,Income Share of Third Quintile,3.0.IncShr.q3,0.145931595553385
Peru,PER,2011,Income Share of Third Quintile,3.0.IncShr.q3,0.144837244208838
Peru,PER,2010,Income Share of Third Quintile,3.0.IncShr.q3,0.141531763929999
Peru,PER,2009,Income Share of Third Quintile,3.0.IncShr.q3,0.136191372171716
Peru,PER,2008,Income Share of Third Quintile,3.0.IncShr.q3,0.136229928988869
Peru,PER,2007,Income Share of Third Quintile,3.0.IncShr.q3,0.128646015316853
Peru,PER,2006,Income Share of Third Quintile,3.0.IncShr.q3,0.127000029176523
Peru,PER,2005,Income Share of Third Quintile,3.0.IncShr.q3,0.125629261097915
Peru,PER,2004,Income Share of Third Quintile,3.0.IncShr.q3,0.126793639650899
Peru,PER,2014,Income Share of Fourth Quintile,3.0.IncShr.q4,0.220058032101405
Peru,PER,2013,Income Share of Fourth Quintile,3.0.IncShr.q4,0.219227743465987
Peru,PER,2012,Income Share of Fourth Quintile,3.0.IncShr.q4,0.218794389451747
Peru,PER,2011,Income Share of Fourth Quintile,3.0.IncShr.q4,0.218209729833607
Peru,PER,2010,Income Share of Fourth Quintile,3.0.IncShr.q4,0.215884540098221
Peru,PER,2009,Income Share of Fourth Quintile,3.0.IncShr.q4,0.214738493442008
Peru,PER,2008,Income Share of Fourth Quintile,3.0.IncShr.q4,0.215405337288472
Peru,PER,2007,Income Share of Fourth Quintile,3.0.IncShr.q4,0.206880896857884
Peru,PER,2006,Income Share of Fourth Quintile,3.0.IncShr.q4,0.206666409858265
Peru,PER,2005,Income Share of Fourth Quintile,3.0.IncShr.q4,0.203071028687897
Peru,PER,2004,Income Share of Fourth Quintile,3.0.IncShr.q4,0.20473868078068
Peru,PER,2014,Income Share of Fifth Quintile,3.0.IncShr.q5,0.492311857548002
Peru,PER,2013,Income Share of Fifth Quintile,3.0.IncShr.q5,0.497227392995275
Peru,PER,2012,Income Share of Fifth Quintile,3.0.IncShr.q5,0.49941363129235
Peru,PER,2011,Income Share of Fifth Quintile,3.0.IncShr.q5,0.50245874929811
Peru,PER,2010,Income Share of Fifth Quintile,3.0.IncShr.q5,0.510417781280666
Peru,PER,2009,Income Share of Fifth Quintile,3.0.IncShr.q5,0.525133215864978
Peru,PER,2008,Income Share of Fifth Quintile,3.0.IncShr.q5,0.528315735469652
Peru,PER,2007,Income Share of Fifth Quintile,3.0.IncShr.q5,0.554968599900799
Peru,PER,2006,Income Share of Fifth Quintile,3.0.IncShr.q5,0.558076151710999
Peru,PER,2005,Income Share of Fifth Quintile,3.0.IncShr.q5,0.561749433967999
Peru,PER,2004,Income Share of Fifth Quintile,3.0.IncShr.q5,0.556466719418539
Peru,PER,2014,"Mean Log Deviation, GE(0)",3.0.MLongDev0,0.349715029144197
Peru,PER,2013,"Mean Log Deviation, GE(0)",3.0.MLongDev0,0.36059657437896
Peru,PER,2012,"Mean Log Deviation, GE(0)",3.0.MLongDev0,0.370078596633473
Peru,PER,2011,"Mean Log Deviation, GE(0)",3.0.MLongDev0,0.373778070681375
Peru,PER,2010,"Mean Log Deviation, GE(0)",3.0.MLongDev0,0.384139513378938
Peru,PER,2009,"Mean Log Deviation, GE(0)",3.0.MLongDev0,0.416634053628766
Peru,PER,2008,"Mean Log Deviation, GE(0)",3.0.MLongDev0,0.432629102431535
Peru,PER,2007,"Mean Log Deviation, GE(0)",3.0.MLongDev0,0.486797138906914
Peru,PER,2006,"Mean Log Deviation, GE(0)",3.0.MLongDev0,0.491151747460232
Peru,PER,2005,"Mean Log Deviation, GE(0)",3.0.MLongDev0,0.489398267876884
Peru,PER,2004,"Mean Log Deviation, GE(0)",3.0.MLongDev0,0.474637373826437
Peru,PER,2014,Rate 75/25,3.0.Rate75-25,2.92984081865682
Peru,PER,2013,Rate 75/25,3.0.Rate75-25,2.98353652616853
Peru,PER,2012,Rate 75/25,3.0.Rate75-25,2.98570265475172
Peru,PER,2011,Rate 75/25,3.0.Rate75-25,3.05206783310584
Peru,PER,2010,Rate 75/25,3.0.Rate75-25,3.06723693287234
Peru,PER,2009,Rate 75/25,3.0.Rate75-25,3.29367344747415
Peru,PER,2008,Rate 75/25,3.0.Rate75-25,3.36566265529676
Peru,PER,2007,Rate 75/25,3.0.Rate75-25,3.60431548993876
Peru,PER,2006,Rate 75/25,3.0.Rate75-25,3.58028468344424
Peru,PER,2005,Rate 75/25,3.0.Rate75-25,3.56017551104372
Peru,PER,2004,Rate 75/25,3.0.Rate75-25,3.52649967284355
Peru,PER,2014,Rate 90/10,3.0.Rate90-10,8.31290805034347
Peru,PER,2013,Rate 90/10,3.0.Rate90-10,8.64408425805118
Peru,PER,2012,Rate 90/10,3.0.Rate90-10,8.93588527201015
Peru,PER,2011,Rate 90/10,3.0.Rate90-10,8.7899554753725
Peru,PER,2010,Rate 90/10,3.0.Rate90-10,9.02277252789636
Peru,PER,2009,Rate 90/10,3.0.Rate90-10,10.0029884364243
Peru,PER,2008,Rate 90/10,3.0.Rate90-10,10.756508334642
Peru,PER,2007,Rate 90/10,3.0.Rate90-10,11.8699711203956
Peru,PER,2006,Rate 90/10,3.0.Rate90-10,12.2272281834566
Peru,PER,2005,Rate 90/10,3.0.Rate90-10,11.5899749376443
Peru,PER,2004,Rate 90/10,3.0.Rate90-10,11.4423606906249
Peru,PER,2014,"Theil Index, GE(1)",3.0.TheilInd1,0.355738607504431
Peru,PER,2013,"Theil Index, GE(1)",3.0.TheilInd1,0.366784275638851
Peru,PER,2012,"Theil Index, GE(1)",3.0.TheilInd1,0.376385254875383
Peru,PER,2011,"Theil Index, GE(1)",3.0.TheilInd1,0.386950087203026
Peru,PER,2010,"Theil Index, GE(1)",3.0.TheilInd1,0.402587466316192
Peru,PER,2009,"Theil Index, GE(1)",3.0.TheilInd1,0.432361426019317
Peru,PER,2008,"Theil Index, GE(1)",3.0.TheilInd1,0.450977140370012
Peru,PER,2007,"Theil Index, GE(1)",3.0.TheilInd1,0.516055274947967
Peru,PER,2006,"Theil Index, GE(1)",3.0.TheilInd1,0.519045192579628
Peru,PER,2005,"Theil Index, GE(1)",3.0.TheilInd1,0.521734863376419
Peru,PER,2004,"Theil Index, GE(1)",3.0.TheilInd1,0.508025329959862
Peru,PER,2014,"Gini, Rural",3.1.Gini,0.410224345824245
Peru,PER,2013,"Gini, Rural",3.1.Gini,0.419222468001512
Peru,PER,2012,"Gini, Rural",3.1.Gini,0.428212196154949
Peru,PER,2011,"Gini, Rural",3.1.Gini,0.428783843740384
Peru,PER,2010,"Gini, Rural",3.1.Gini,0.412089134175943
Peru,PER,2009,"Gini, Rural",3.1.Gini,0.41994188385613
Peru,PER,2008,"Gini, Rural",3.1.Gini,0.43538254631337
Peru,PER,2007,"Gini, Rural",3.1.Gini,0.441052269411285
Peru,PER,2006,"Gini, Rural",3.1.Gini,0.433472448508414
Peru,PER,2005,"Gini, Rural",3.1.Gini,0.432227817157952
Peru,PER,2004,"Gini, Rural",3.1.Gini,0.415667076710769
Peru,PER,2014,"Mean Log Deviation, GE(0), Rural",3.1.MLongDev0,0.286980623242905
Peru,PER,2013,"Mean Log Deviation, GE(0), Rural",3.1.MLongDev0,0.300448692494682
Peru,PER,2012,"Mean Log Deviation, GE(0), Rural",3.1.MLongDev0,0.31325665544738
Peru,PER,2011,"Mean Log Deviation, GE(0), Rural",3.1.MLongDev0,0.311631493789196
Peru,PER,2010,"Mean Log Deviation, GE(0), Rural",3.1.MLongDev0,0.28788020214055
Peru,PER,2009,"Mean Log Deviation, GE(0), Rural",3.1.MLongDev0,0.299399523197349
Peru,PER,2008,"Mean Log Deviation, GE(0), Rural",3.1.MLongDev0,0.324692533560068
Peru,PER,2007,"Mean Log Deviation, GE(0), Rural",3.1.MLongDev0,0.330828930824476
Peru,PER,2006,"Mean Log Deviation, GE(0), Rural",3.1.MLongDev0,0.319615535009356
Peru,PER,2005,"Mean Log Deviation, GE(0), Rural",3.1.MLongDev0,0.317039078480986
Peru,PER,2004,"Mean Log Deviation, GE(0), Rural",3.1.MLongDev0,0.29371236669804
Peru,PER,2014,"Theil Index, GE(1), Rural",3.1.TheilInd1,0.323239196806324
Peru,PER,2013,"Theil Index, GE(1), Rural",3.1.TheilInd1,0.33504929039617
Peru,PER,2012,"Theil Index, GE(1), Rural",3.1.TheilInd1,0.338349063172212
Peru,PER,2011,"Theil Index, GE(1), Rural",3.1.TheilInd1,0.358353594786452
Peru,PER,2010,"Theil Index, GE(1), Rural",3.1.TheilInd1,0.329870872190603
Peru,PER,2009,"Theil Index, GE(1), Rural",3.1.TheilInd1,0.327718377480547
Peru,PER,2008,"Theil Index, GE(1), Rural",3.1.TheilInd1,0.361335818796866
Peru,PER,2007,"Theil Index, GE(1), Rural",3.1.TheilInd1,0.374106045800782
Peru,PER,2006,"Theil Index, GE(1), Rural",3.1.TheilInd1,0.373609319703031
Peru,PER,2005,"Theil Index, GE(1), Rural",3.1.TheilInd1,0.364908666159309
Peru,PER,2004,"Theil Index, GE(1), Rural",3.1.TheilInd1,0.339283233215636
Peru,PER,2014,"Gini, Urban",3.2.Gini,0.399771734838945
Peru,PER,2013,"Gini, Urban",3.2.Gini,0.403531771595878
Peru,PER,2012,"Gini, Urban",3.2.Gini,0.405353585337915
Peru,PER,2011,"Gini, Urban",3.2.Gini,0.409264662694968
Peru,PER,2010,"Gini, Urban",3.2.Gini,0.416895404551218
Peru,PER,2009,"Gini, Urban",3.2.Gini,0.433719344560318
Peru,PER,2008,"Gini, Urban",3.2.Gini,0.433524271459617
Peru,PER,2007,"Gini, Urban",3.2.Gini,0.460275956107375
Peru,PER,2006,"Gini, Urban",3.2.Gini,0.463179740283634
Peru,PER,2005,"Gini, Urban",3.2.Gini,0.469046892665301
Peru,PER,2004,"Gini, Urban",3.2.Gini,0.459352941416885
Peru,PER,2014,"Mean Log Deviation, GE(0),Urban",3.2.MLongDev0,0.273892840410459
Peru,PER,2013,"Mean Log Deviation, GE(0),Urban",3.2.MLongDev0,0.279488726149244
Peru,PER,2012,"Mean Log Deviation, GE(0),Urban",3.2.MLongDev0,0.28315857250206
Peru,PER,2011,"Mean Log Deviation, GE(0),Urban",3.2.MLongDev0,0.289459324229793
Peru,PER,2010,"Mean Log Deviation, GE(0),Urban",3.2.MLongDev0,0.300439114916196
Peru,PER,2009,"Mean Log Deviation, GE(0),Urban",3.2.MLongDev0,0.326520871524202
Peru,PER,2008,"Mean Log Deviation, GE(0),Urban",3.2.MLongDev0,0.326202570594575
Peru,PER,2007,"Mean Log Deviation, GE(0),Urban",3.2.MLongDev0,0.369027878600824
Peru,PER,2006,"Mean Log Deviation, GE(0),Urban",3.2.MLongDev0,0.37442907771696
Peru,PER,2005,"Mean Log Deviation, GE(0),Urban",3.2.MLongDev0,0.382151480916598
Peru,PER,2004,"Mean Log Deviation, GE(0),Urban",3.2.MLongDev0,0.364097748367423
Peru,PER,2014,"Theil Index, GE(1),Urban",3.2.TheilInd1,0.293957412292402
Peru,PER,2013,"Theil Index, GE(1),Urban",3.2.TheilInd1,0.302003184891996
Peru,PER,2012,"Theil Index, GE(1),Urban",3.2.TheilInd1,0.309404802212323
Peru,PER,2011,"Theil Index, GE(1),Urban",3.2.TheilInd1,0.318636503444552
Peru,PER,2010,"Theil Index, GE(1),Urban",3.2.TheilInd1,0.333049140850171
Peru,PER,2009,"Theil Index, GE(1),Urban",3.2.TheilInd1,0.358530137214805
Peru,PER,2008,"Theil Index, GE(1),Urban",3.2.TheilInd1,0.367771966350868
Peru,PER,2007,"Theil Index, GE(1),Urban",3.2.TheilInd1,0.422270291688087
Peru,PER,2006,"Theil Index, GE(1),Urban",3.2.TheilInd1,0.422208432797245
Peru,PER,2005,"Theil Index, GE(1),Urban",3.2.TheilInd1,0.430253467373968
Peru,PER,2004,"Theil Index, GE(1),Urban",3.2.TheilInd1,0.413752176946103
Peru,PER,2014,Labor Income Poverty Index,8.0.LIPI,0.688571810722351
Peru,PER,2013,Labor Income Poverty Index,8.0.LIPI,0.693896889686584
Peru,PER,2012,Labor Income Poverty Index,8.0.LIPI,0.768917381763458
Peru,PER,2011,Labor Income Poverty Index,8.0.LIPI,0.857691049575806
Peru,PER,2010,Labor Income Poverty Index,8.0.LIPI,0.940421521663666
Peru,PER,2009,Labor Income Poverty Index,8.0.LIPI,1.04322600364685
Peru,PER,2008,Labor Income Poverty Index,8.0.LIPI,1.31967508792877
Peru,PER,2007,Labor Income Poverty Index,8.0.LIPI,1.39126372337341
Peru,PER,2006,Labor Income Poverty Index,8.0.LIPI,1.27824568748474
Peru,PER,2005,Labor Income Poverty Index,8.0.LIPI,1.80223608016968
Peru,PER,2014,Population living in slums (% of urban population),EN.POP.SLUM.UR.ZS,34.47168
Peru,PER,2012,Population living in slums (% of urban population),EN.POP.SLUM.UR.ZS,36.32046
Peru,PER,2010,Population living in slums (% of urban population),EN.POP.SLUM.UR.ZS,38.16923
Peru,PER,2008,Population living in slums (% of urban population),EN.POP.SLUM.UR.ZS,40.018
Peru,PER,2006,Population living in slums (% of urban population),EN.POP.SLUM.UR.ZS,41.86678
Peru,PER,2004,Population living in slums (% of urban population),EN.POP.SLUM.UR.ZS,43.71555
Peru,PER,2002,Population living in slums (% of urban population),EN.POP.SLUM.UR.ZS,45.56432
Peru,PER,2000,Population living in slums (% of urban population),EN.POP.SLUM.UR.ZS,47.41309
Peru,PER,2022,Income share held by second 20%,SI.DST.02ND.20,10.5
Peru,PER,2021,Income share held by second 20%,SI.DST.02ND.20,10.6
Peru,PER,2020,Income share held by second 20%,SI.DST.02ND.20,9.6
Peru,PER,2019,Income share held by second 20%,SI.DST.02ND.20,10.2
Peru,PER,2018,Income share held by second 20%,SI.DST.02ND.20,10
Peru,PER,2017,Income share held by second 20%,SI.DST.02ND.20,9.7
Peru,PER,2016,Income share held by second 20%,SI.DST.02ND.20,9.7
Peru,PER,2015,Income share held by second 20%,SI.DST.02ND.20,9.9
Peru,PER,2014,Income share held by second 20%,SI.DST.02ND.20,9.8
Peru,PER,2013,Income share held by second 20%,SI.DST.02ND.20,9.6
Peru,PER,2012,Income share held by second 20%,SI.DST.02ND.20,9.5
Peru,PER,2011,Income share held by second 20%,SI.DST.02ND.20,9.4
Peru,PER,2010,Income share held by second 20%,SI.DST.02ND.20,9.2
Peru,PER,2009,Income share held by second 20%,SI.DST.02ND.20,8.7
Peru,PER,2008,Income share held by second 20%,SI.DST.02ND.20,8.6
Peru,PER,2007,Income share held by second 20%,SI.DST.02ND.20,8
Peru,PER,2006,Income share held by second 20%,SI.DST.02ND.20,7.9
Peru,PER,2005,Income share held by second 20%,SI.DST.02ND.20,7.8
Peru,PER,2004,Income share held by second 20%,SI.DST.02ND.20,8
Peru,PER,2003,Income share held by second 20%,SI.DST.02ND.20,7.4
Peru,PER,2002,Income share held by second 20%,SI.DST.02ND.20,7.3
Peru,PER,2001,Income share held by second 20%,SI.DST.02ND.20,7.7
Peru,PER,2000,Income share held by second 20%,SI.DST.02ND.20,8.2
Peru,PER,1999,Income share held by second 20%,SI.DST.02ND.20,7.1
Peru,PER,1998,Income share held by second 20%,SI.DST.02ND.20,7
Peru,PER,1997,Income share held by second 20%,SI.DST.02ND.20,7.2
Peru,PER,2022,Income share held by third 20%,SI.DST.03RD.20,15.2
Peru,PER,2021,Income share held by third 20%,SI.DST.03RD.20,15.2
Peru,PER,2020,Income share held by third 20%,SI.DST.03RD.20,14.6
Peru,PER,2019,Income share held by third 20%,SI.DST.03RD.20,15.2
Peru,PER,2018,Income share held by third 20%,SI.DST.03RD.20,15
Peru,PER,2017,Income share held by third 20%,SI.DST.03RD.20,14.9
Peru,PER,2016,Income share held by third 20%,SI.DST.03RD.20,14.8
Peru,PER,2015,Income share held by third 20%,SI.DST.03RD.20,14.8
Peru,PER,2014,Income share held by third 20%,SI.DST.03RD.20,15
Peru,PER,2013,Income share held by third 20%,SI.DST.03RD.20,14.9
Peru,PER,2012,Income share held by third 20%,SI.DST.03RD.20,14.8
Peru,PER,2011,Income share held by third 20%,SI.DST.03RD.20,14.8
Peru,PER,2010,Income share held by third 20%,SI.DST.03RD.20,14.4
Peru,PER,2009,Income share held by third 20%,SI.DST.03RD.20,13.9
Peru,PER,2008,Income share held by third 20%,SI.DST.03RD.20,14
Peru,PER,2007,Income share held by third 20%,SI.DST.03RD.20,13.3
Peru,PER,2006,Income share held by third 20%,SI.DST.03RD.20,13.2
Peru,PER,2005,Income share held by third 20%,SI.DST.03RD.20,13
Peru,PER,2004,Income share held by third 20%,SI.DST.03RD.20,13.1
Peru,PER,2003,Income share held by third 20%,SI.DST.03RD.20,12
Peru,PER,2002,Income share held by third 20%,SI.DST.03RD.20,12.2
Peru,PER,2001,Income share held by third 20%,SI.DST.03RD.20,12.7
Peru,PER,2000,Income share held by third 20%,SI.DST.03RD.20,13.6
Peru,PER,1999,Income share held by third 20%,SI.DST.03RD.20,11.7
Peru,PER,1998,Income share held by third 20%,SI.DST.03RD.20,11.7
Peru,PER,1997,Income share held by third 20%,SI.DST.03RD.20,12.4
Peru,PER,2022,Income share held by fourth 20%,SI.DST.04TH.20,22
Peru,PER,2021,Income share held by fourth 20%,SI.DST.04TH.20,22.1
Peru,PER,2020,Income share held by fourth 20%,SI.DST.04TH.20,21.9
Peru,PER,2019,Income share held by fourth 20%,SI.DST.04TH.20,22.3
Peru,PER,2018,Income share held by fourth 20%,SI.DST.04TH.20,22.2
Peru,PER,2017,Income share held by fourth 20%,SI.DST.04TH.20,22.2
Peru,PER,2016,Income share held by fourth 20%,SI.DST.04TH.20,22.1
Peru,PER,2015,Income share held by fourth 20%,SI.DST.04TH.20,21.8
Peru,PER,2014,Income share held by fourth 20%,SI.DST.04TH.20,22.2
Peru,PER,2013,Income share held by fourth 20%,SI.DST.04TH.20,22.1
Peru,PER,2012,Income share held by fourth 20%,SI.DST.04TH.20,22
Peru,PER,2011,Income share held by fourth 20%,SI.DST.04TH.20,22
Peru,PER,2010,Income share held by fourth 20%,SI.DST.04TH.20,21.8
Peru,PER,2009,Income share held by fourth 20%,SI.DST.04TH.20,21.7
Peru,PER,2008,Income share held by fourth 20%,SI.DST.04TH.20,21.8
Peru,PER,2007,Income share held by fourth 20%,SI.DST.04TH.20,21.1
Peru,PER,2006,Income share held by fourth 20%,SI.DST.04TH.20,21.1
Peru,PER,2005,Income share held by fourth 20%,SI.DST.04TH.20,20.8
Peru,PER,2004,Income share held by fourth 20%,SI.DST.04TH.20,20.8
Peru,PER,2003,Income share held by fourth 20%,SI.DST.04TH.20,19.3
Peru,PER,2002,Income share held by fourth 20%,SI.DST.04TH.20,19.6
Peru,PER,2001,Income share held by fourth 20%,SI.DST.04TH.20,20.7
Peru,PER,2000,Income share held by fourth 20%,SI.DST.04TH.20,21.5
Peru,PER,1999,Income share held by fourth 20%,SI.DST.04TH.20,19.3
Peru,PER,1998,Income share held by fourth 20%,SI.DST.04TH.20,19.1
Peru,PER,1997,Income share held by fourth 20%,SI.DST.04TH.20,20.4
Peru,PER,2022,Income share held by highest 20%,SI.DST.05TH.20,46.5
Peru,PER,2021,Income share held by highest 20%,SI.DST.05TH.20,46.3
Peru,PER,2020,Income share held by highest 20%,SI.DST.05TH.20,49.1
Peru,PER,2019,Income share held by highest 20%,SI.DST.05TH.20,47.2
Peru,PER,2018,Income share held by highest 20%,SI.DST.05TH.20,47.9
Peru,PER,2017,Income share held by highest 20%,SI.DST.05TH.20,48.4
Peru,PER,2016,Income share held by highest 20%,SI.DST.05TH.20,48.8
Peru,PER,2015,Income share held by highest 20%,SI.DST.05TH.20,48.7
Peru,PER,2014,Income share held by highest 20%,SI.DST.05TH.20,48.3
Peru,PER,2013,Income share held by highest 20%,SI.DST.05TH.20,48.9
Peru,PER,2012,Income share held by highest 20%,SI.DST.05TH.20,49.3
Peru,PER,2011,Income share held by highest 20%,SI.DST.05TH.20,49.5
Peru,PER,2010,Income share held by highest 20%,SI.DST.05TH.20,50.3
Peru,PER,2009,Income share held by highest 20%,SI.DST.05TH.20,51.6
Peru,PER,2008,Income share held by highest 20%,SI.DST.05TH.20,51.8
Peru,PER,2007,Income share held by highest 20%,SI.DST.05TH.20,54.1
Peru,PER,2006,Income share held by highest 20%,SI.DST.05TH.20,54.5
Peru,PER,2005,Income share held by highest 20%,SI.DST.05TH.20,54.7
Peru,PER,2004,Income share held by highest 20%,SI.DST.05TH.20,54.3
Peru,PER,2003,Income share held by highest 20%,SI.DST.05TH.20,57.7
Peru,PER,2002,Income share held by highest 20%,SI.DST.05TH.20,57.7
Peru,PER,2001,Income share held by highest 20%,SI.DST.05TH.20,55.5
Peru,PER,2000,Income share held by highest 20%,SI.DST.05TH.20,53.2
Peru,PER,1999,Income share held by highest 20%,SI.DST.05TH.20,58.9
Peru,PER,1998,Income share held by highest 20%,SI.DST.05TH.20,59.3
Peru,PER,1997,Income share held by highest 20%,SI.DST.05TH.20,57.1
Peru,PER,2022,Income share held by highest 10%,SI.DST.10TH.10,30.7
Peru,PER,2021,Income share held by highest 10%,SI.DST.10TH.10,30.5
Peru,PER,2020,Income share held by highest 10%,SI.DST.10TH.10,32.9
Peru,PER,2019,Income share held by highest 10%,SI.DST.10TH.10,31.1
Peru,PER,2018,Income share held by highest 10%,SI.DST.10TH.10,31.6
Peru,PER,2017,Income share held by highest 10%,SI.DST.10TH.10,32.3
Peru,PER,2016,Income share held by highest 10%,SI.DST.10TH.10,32.6
Peru,PER,2015,Income share held by highest 10%,SI.DST.10TH.10,32.6
Peru,PER,2014,Income share held by highest 10%,SI.DST.10TH.10,32.1
Peru,PER,2013,Income share held by highest 10%,SI.DST.10TH.10,32.7
Peru,PER,2012,Income share held by highest 10%,SI.DST.10TH.10,33.3
Peru,PER,2011,Income share held by highest 10%,SI.DST.10TH.10,33.5
Peru,PER,2010,Income share held by highest 10%,SI.DST.10TH.10,34.2
Peru,PER,2009,Income share held by highest 10%,SI.DST.10TH.10,35.2
Peru,PER,2008,Income share held by highest 10%,SI.DST.10TH.10,35.4
Peru,PER,2007,Income share held by highest 10%,SI.DST.10TH.10,37.8
Peru,PER,2006,Income share held by highest 10%,SI.DST.10TH.10,38.2
Peru,PER,2005,Income share held by highest 10%,SI.DST.10TH.10,38.5
Peru,PER,2004,Income share held by highest 10%,SI.DST.10TH.10,37.9
Peru,PER,2003,Income share held by highest 10%,SI.DST.10TH.10,42.2
Peru,PER,2002,Income share held by highest 10%,SI.DST.10TH.10,42.1
Peru,PER,2001,Income share held by highest 10%,SI.DST.10TH.10,39.1
Peru,PER,2000,Income share held by highest 10%,SI.DST.10TH.10,36.8
Peru,PER,1999,Income share held by highest 10%,SI.DST.10TH.10,43.6
Peru,PER,1998,Income share held by highest 10%,SI.DST.10TH.10,43.6
Peru,PER,1997,Income share held by highest 10%,SI.DST.10TH.10,40.8
Peru,PER,2022,Proportion of people living below 50 percent of median income (%),SI.DST.50MD,16.4
Peru,PER,2021,Proportion of people living below 50 percent of median income (%),SI.DST.50MD,15.9
Peru,PER,2020,Proportion of people living below 50 percent of median income (%),SI.DST.50MD,19.7
Peru,PER,2019,Proportion of people living below 50 percent of median income (%),SI.DST.50MD,18.6
Peru,PER,2018,Proportion of people living below 50 percent of median income (%),SI.DST.50MD,19.3
Peru,PER,2017,Proportion of people living below 50 percent of median income (%),SI.DST.50MD,20
Peru,PER,2016,Proportion of people living below 50 percent of median income (%),SI.DST.50MD,20.6
Peru,PER,2015,Proportion of people living below 50 percent of median income (%),SI.DST.50MD,19.5
Peru,PER,2014,Proportion of people living below 50 percent of median income (%),SI.DST.50MD,20.5
Peru,PER,2013,Proportion of people living below 50 percent of median income (%),SI.DST.50MD,20.9
Peru,PER,2012,Proportion of people living below 50 percent of median income (%),SI.DST.50MD,21.5
Peru,PER,2011,Proportion of people living below 50 percent of median income (%),SI.DST.50MD,21.7
Peru,PER,2010,Proportion of people living below 50 percent of median income (%),SI.DST.50MD,21.6
Peru,PER,2009,Proportion of people living below 50 percent of median income (%),SI.DST.50MD,22.3
Peru,PER,2008,Proportion of people living below 50 percent of median income (%),SI.DST.50MD,23.3
Peru,PER,2007,Proportion of people living below 50 percent of median income (%),SI.DST.50MD,24.6
Peru,PER,2006,Proportion of people living below 50 percent of median income (%),SI.DST.50MD,24.2
Peru,PER,2005,Proportion of people living below 50 percent of median income (%),SI.DST.50MD,23.9
Peru,PER,2004,Proportion of people living below 50 percent of median income (%),SI.DST.50MD,23.9
Peru,PER,2003,Proportion of people living below 50 percent of median income (%),SI.DST.50MD,22.8
Peru,PER,2002,Proportion of people living below 50 percent of median income (%),SI.DST.50MD,24.2
Peru,PER,2001,Proportion of people living below 50 percent of median income (%),SI.DST.50MD,23.8
Peru,PER,2000,Proportion of people living below 50 percent of median income (%),SI.DST.50MD,24.2
Peru,PER,1999,Proportion of people living below 50 percent of median income (%),SI.DST.50MD,23.6
Peru,PER,1998,Proportion of people living below 50 percent of median income (%),SI.DST.50MD,24
Peru,PER,1997,Proportion of people living below 50 percent of median income (%),SI.DST.50MD,25.4
Peru,PER,2022,Income share held by lowest 10%,SI.DST.FRST.10,2.1
Peru,PER,2021,Income share held by lowest 10%,SI.DST.FRST.10,2.1
Peru,PER,2020,Income share held by lowest 10%,SI.DST.FRST.10,1.7
Peru,PER,2019,Income share held by lowest 10%,SI.DST.FRST.10,1.9
Peru,PER,2018,Income share held by lowest 10%,SI.DST.FRST.10,1.8
Peru,PER,2017,Income share held by lowest 10%,SI.DST.FRST.10,1.7
Peru,PER,2016,Income share held by lowest 10%,SI.DST.FRST.10,1.6
Peru,PER,2015,Income share held by lowest 10%,SI.DST.FRST.10,1.6
Peru,PER,2014,Income share held by lowest 10%,SI.DST.FRST.10,1.6
Peru,PER,2013,Income share held by lowest 10%,SI.DST.FRST.10,1.6
Peru,PER,2012,Income share held by lowest 10%,SI.DST.FRST.10,1.5
Peru,PER,2011,Income share held by lowest 10%,SI.DST.FRST.10,1.5
Peru,PER,2010,Income share held by lowest 10%,SI.DST.FRST.10,1.5
Peru,PER,2009,Income share held by lowest 10%,SI.DST.FRST.10,1.4
Peru,PER,2008,Income share held by lowest 10%,SI.DST.FRST.10,1.3
Peru,PER,2007,Income share held by lowest 10%,SI.DST.FRST.10,1.2
Peru,PER,2006,Income share held by lowest 10%,SI.DST.FRST.10,1.2
Peru,PER,2005,Income share held by lowest 10%,SI.DST.FRST.10,1.2
Peru,PER,2004,Income share held by lowest 10%,SI.DST.FRST.10,1.3
Peru,PER,2003,Income share held by lowest 10%,SI.DST.FRST.10,1.3
Peru,PER,2002,Income share held by lowest 10%,SI.DST.FRST.10,1.1
Peru,PER,2001,Income share held by lowest 10%,SI.DST.FRST.10,1.2
Peru,PER,2000,Income share held by lowest 10%,SI.DST.FRST.10,1.2
Peru,PER,1999,Income share held by lowest 10%,SI.DST.FRST.10,0.9
Peru,PER,1998,Income share held by lowest 10%,SI.DST.FRST.10,0.9
Peru,PER,1997,Income share held by lowest 10%,SI.DST.FRST.10,1
Peru,PER,2022,Income share held by lowest 20%,SI.DST.FRST.20,5.7
Peru,PER,2021,Income share held by lowest 20%,SI.DST.FRST.20,5.8
Peru,PER,2020,Income share held by lowest 20%,SI.DST.FRST.20,4.8
Peru,PER,2019,Income share held by lowest 20%,SI.DST.FRST.20,5.2
Peru,PER,2018,Income share held by lowest 20%,SI.DST.FRST.20,5
Peru,PER,2017,Income share held by lowest 20%,SI.DST.FRST.20,4.7
Peru,PER,2016,Income share held by lowest 20%,SI.DST.FRST.20,4.6
Peru,PER,2015,Income share held by lowest 20%,SI.DST.FRST.20,4.7
Peru,PER,2014,Income share held by lowest 20%,SI.DST.FRST.20,4.7
Peru,PER,2013,Income share held by lowest 20%,SI.DST.FRST.20,4.5
Peru,PER,2012,Income share held by lowest 20%,SI.DST.FRST.20,4.4
Peru,PER,2011,Income share held by lowest 20%,SI.DST.FRST.20,4.4
Peru,PER,2010,Income share held by lowest 20%,SI.DST.FRST.20,4.3
Peru,PER,2009,Income share held by lowest 20%,SI.DST.FRST.20,4
Peru,PER,2008,Income share held by lowest 20%,SI.DST.FRST.20,3.8
Peru,PER,2007,Income share held by lowest 20%,SI.DST.FRST.20,3.5
Peru,PER,2006,Income share held by lowest 20%,SI.DST.FRST.20,3.5
Peru,PER,2005,Income share held by lowest 20%,SI.DST.FRST.20,3.6
Peru,PER,2004,Income share held by lowest 20%,SI.DST.FRST.20,3.7
Peru,PER,2003,Income share held by lowest 20%,SI.DST.FRST.20,3.6
Peru,PER,2002,Income share held by lowest 20%,SI.DST.FRST.20,3.2
Peru,PER,2001,Income share held by lowest 20%,SI.DST.FRST.20,3.4
Peru,PER,2000,Income share held by lowest 20%,SI.DST.FRST.20,3.5
Peru,PER,1999,Income share held by lowest 20%,SI.DST.FRST.20,2.9
Peru,PER,1998,Income share held by lowest 20%,SI.DST.FRST.20,2.9
Peru,PER,1997,Income share held by lowest 20%,SI.DST.FRST.20,3
Peru,PER,2022,Poverty headcount ratio at $2.15 a day (2017 PPP) (% of population),SI.POV.DDAY,2.7
Peru,PER,2021,Poverty headcount ratio at $2.15 a day (2017 PPP) (% of population),SI.POV.DDAY,2.8
Peru,PER,2020,Poverty headcount ratio at $2.15 a day (2017 PPP) (% of population),SI.POV.DDAY,5.8
Peru,PER,2019,Poverty headcount ratio at $2.15 a day (2017 PPP) (% of population),SI.POV.DDAY,3
Peru,PER,2018,Poverty headcount ratio at $2.15 a day (2017 PPP) (% of population),SI.POV.DDAY,3.6
Peru,PER,2017,Poverty headcount ratio at $2.15 a day (2017 PPP) (% of population),SI.POV.DDAY,4.5
Peru,PER,2016,Poverty headcount ratio at $2.15 a day (2017 PPP) (% of population),SI.POV.DDAY,4.6
Peru,PER,2015,Poverty headcount ratio at $2.15 a day (2017 PPP) (% of population),SI.POV.DDAY,4.7
Peru,PER,2014,Poverty headcount ratio at $2.15 a day (2017 PPP) (% of population),SI.POV.DDAY,4.8
Peru,PER,2013,Poverty headcount ratio at $2.15 a day (2017 PPP) (% of population),SI.POV.DDAY,5.4
Peru,PER,2012,Poverty headcount ratio at $2.15 a day (2017 PPP) (% of population),SI.POV.DDAY,6.1
Peru,PER,2011,Poverty headcount ratio at $2.15 a day (2017 PPP) (% of population),SI.POV.DDAY,6.5
Peru,PER,2010,Poverty headcount ratio at $2.15 a day (2017 PPP) (% of population),SI.POV.DDAY,6.8
Peru,PER,2009,Poverty headcount ratio at $2.15 a day (2017 PPP) (% of population),SI.POV.DDAY,8.8
Peru,PER,2008,Poverty headcount ratio at $2.15 a day (2017 PPP) (% of population),SI.POV.DDAY,10.9
Peru,PER,2007,Poverty headcount ratio at $2.15 a day (2017 PPP) (% of population),SI.POV.DDAY,13.2
Peru,PER,2006,Poverty headcount ratio at $2.15 a day (2017 PPP) (% of population),SI.POV.DDAY,15.6
Peru,PER,2005,Poverty headcount ratio at $2.15 a day (2017 PPP) (% of population),SI.POV.DDAY,17.8
Peru,PER,2004,Poverty headcount ratio at $2.15 a day (2017 PPP) (% of population),SI.POV.DDAY,16.3
Peru,PER,2003,Poverty headcount ratio at $2.15 a day (2017 PPP) (% of population),SI.POV.DDAY,14.7
Peru,PER,2002,Poverty headcount ratio at $2.15 a day (2017 PPP) (% of population),SI.POV.DDAY,17.5
Peru,PER,2001,Poverty headcount ratio at $2.15 a day (2017 PPP) (% of population),SI.POV.DDAY,20.3
Peru,PER,2000,Poverty headcount ratio at $2.15 a day (2017 PPP) (% of population),SI.POV.DDAY,19.3
Peru,PER,1999,Poverty headcount ratio at $2.15 a day (2017 PPP) (% of population),SI.POV.DDAY,19.3
Peru,PER,1998,Poverty headcount ratio at $2.15 a day (2017 PPP) (% of population),SI.POV.DDAY,19.4
Peru,PER,1997,Poverty headcount ratio at $2.15 a day (2017 PPP) (% of population),SI.POV.DDAY,19.8
Peru,PER,2022,Poverty gap at $2.15 a day (2017 PPP) (%),SI.POV.GAPS,0.8
Peru,PER,2021,Poverty gap at $2.15 a day (2017 PPP) (%),SI.POV.GAPS,0.7
Peru,PER,2020,Poverty gap at $2.15 a day (2017 PPP) (%),SI.POV.GAPS,1.8
Peru,PER,2019,Poverty gap at $2.15 a day (2017 PPP) (%),SI.POV.GAPS,0.8
Peru,PER,2018,Poverty gap at $2.15 a day (2017 PPP) (%),SI.POV.GAPS,1
Peru,PER,2017,Poverty gap at $2.15 a day (2017 PPP) (%),SI.POV.GAPS,1.2
Peru,PER,2016,Poverty gap at $2.15 a day (2017 PPP) (%),SI.POV.GAPS,1.2
Peru,PER,2015,Poverty gap at $2.15 a day (2017 PPP) (%),SI.POV.GAPS,1.3
Peru,PER,2014,Poverty gap at $2.15 a day (2017 PPP) (%),SI.POV.GAPS,1.3
Peru,PER,2013,Poverty gap at $2.15 a day (2017 PPP) (%),SI.POV.GAPS,1.6
Peru,PER,2012,Poverty gap at $2.15 a day (2017 PPP) (%),SI.POV.GAPS,1.8
Peru,PER,2011,Poverty gap at $2.15 a day (2017 PPP) (%),SI.POV.GAPS,1.9
Peru,PER,2010,Poverty gap at $2.15 a day (2017 PPP) (%),SI.POV.GAPS,2.1
Peru,PER,2009,Poverty gap at $2.15 a day (2017 PPP) (%),SI.POV.GAPS,2.8
Peru,PER,2008,Poverty gap at $2.15 a day (2017 PPP) (%),SI.POV.GAPS,3.6
Peru,PER,2007,Poverty gap at $2.15 a day (2017 PPP) (%),SI.POV.GAPS,4.6
Peru,PER,2006,Poverty gap at $2.15 a day (2017 PPP) (%),SI.POV.GAPS,5.7
Peru,PER,2005,Poverty gap at $2.15 a day (2017 PPP) (%),SI.POV.GAPS,6.6
Peru,PER,2004,Poverty gap at $2.15 a day (2017 PPP) (%),SI.POV.GAPS,5.6
Peru,PER,2003,Poverty gap at $2.15 a day (2017 PPP) (%),SI.POV.GAPS,4.8
Peru,PER,2002,Poverty gap at $2.15 a day (2017 PPP) (%),SI.POV.GAPS,6.7
Peru,PER,2001,Poverty gap at $2.15 a day (2017 PPP) (%),SI.POV.GAPS,7.7
Peru,PER,2000,Poverty gap at $2.15 a day (2017 PPP) (%),SI.POV.GAPS,7.3
Peru,PER,1999,Poverty gap at $2.15 a day (2017 PPP) (%),SI.POV.GAPS,8
Peru,PER,1998,Poverty gap at $2.15 a day (2017 PPP) (%),SI.POV.GAPS,7.8
Peru,PER,1997,Poverty gap at $2.15 a day (2017 PPP) (%),SI.POV.GAPS,8.2
Peru,PER,2022,Gini index,SI.POV.GINI,40.3
Peru,PER,2021,Gini index,SI.POV.GINI,40.1
Peru,PER,2020,Gini index,SI.POV.GINI,43.7
Peru,PER,2019,Gini index,SI.POV.GINI,41.5
Peru,PER,2018,Gini index,SI.POV.GINI,42.4
Peru,PER,2017,Gini index,SI.POV.GINI,43.3
Peru,PER,2016,Gini index,SI.POV.GINI,43.6
Peru,PER,2015,Gini index,SI.POV.GINI,43.4
Peru,PER,2014,Gini index,SI.POV.GINI,43.1
Peru,PER,2013,Gini index,SI.POV.GINI,43.9
Peru,PER,2012,Gini index,SI.POV.GINI,44.4
Peru,PER,2011,Gini index,SI.POV.GINI,44.7
Peru,PER,2010,Gini index,SI.POV.GINI,45.5
Peru,PER,2009,Gini index,SI.POV.GINI,47
Peru,PER,2008,Gini index,SI.POV.GINI,47.5
Peru,PER,2007,Gini index,SI.POV.GINI,50
Peru,PER,2006,Gini index,SI.POV.GINI,50.3
Peru,PER,2005,Gini index,SI.POV.GINI,50.4
Peru,PER,2004,Gini index,SI.POV.GINI,49.9
Peru,PER,2003,Gini index,SI.POV.GINI,53.1
Peru,PER,2002,Gini index,SI.POV.GINI,53.6
Peru,PER,2001,Gini index,SI.POV.GINI,51.3
Peru,PER,2000,Gini index,SI.POV.GINI,49.1
Peru,PER,1999,Gini index,SI.POV.GINI,54.8
Peru,PER,1998,Gini index,SI.POV.GINI,55.1
Peru,PER,1997,Gini index,SI.POV.GINI,53.3
Peru,PER,2022,Poverty headcount ratio at $3.65 a day (2017 PPP) (% of population),SI.POV.LMIC,9.5
Peru,PER,2021,Poverty headcount ratio at $3.65 a day (2017 PPP) (% of population),SI.POV.LMIC,10
Peru,PER,2020,Poverty headcount ratio at $3.65 a day (2017 PPP) (% of population),SI.POV.LMIC,17.4
Peru,PER,2019,Poverty headcount ratio at $3.65 a day (2017 PPP) (% of population),SI.POV.LMIC,9.6
Peru,PER,2018,Poverty headcount ratio at $3.65 a day (2017 PPP) (% of population),SI.POV.LMIC,10.7
Peru,PER,2017,Poverty headcount ratio at $3.65 a day (2017 PPP) (% of population),SI.POV.LMIC,12.4
Peru,PER,2016,Poverty headcount ratio at $3.65 a day (2017 PPP) (% of population),SI.POV.LMIC,12.4
Peru,PER,2015,Poverty headcount ratio at $3.65 a day (2017 PPP) (% of population),SI.POV.LMIC,12.8
Peru,PER,2014,Poverty headcount ratio at $3.65 a day (2017 PPP) (% of population),SI.POV.LMIC,13.1
Peru,PER,2013,Poverty headcount ratio at $3.65 a day (2017 PPP) (% of population),SI.POV.LMIC,14
Peru,PER,2012,Poverty headcount ratio at $3.65 a day (2017 PPP) (% of population),SI.POV.LMIC,14.8
Peru,PER,2011,Poverty headcount ratio at $3.65 a day (2017 PPP) (% of population),SI.POV.LMIC,16.3
Peru,PER,2010,Poverty headcount ratio at $3.65 a day (2017 PPP) (% of population),SI.POV.LMIC,17.8
Peru,PER,2009,Poverty headcount ratio at $3.65 a day (2017 PPP) (% of population),SI.POV.LMIC,20.5
Peru,PER,2008,Poverty headcount ratio at $3.65 a day (2017 PPP) (% of population),SI.POV.LMIC,22.7
Peru,PER,2007,Poverty headcount ratio at $3.65 a day (2017 PPP) (% of population),SI.POV.LMIC,26.5
Peru,PER,2006,Poverty headcount ratio at $3.65 a day (2017 PPP) (% of population),SI.POV.LMIC,30.4
Peru,PER,2005,Poverty headcount ratio at $3.65 a day (2017 PPP) (% of population),SI.POV.LMIC,35.2
Peru,PER,2004,Poverty headcount ratio at $3.65 a day (2017 PPP) (% of population),SI.POV.LMIC,32.8
Peru,PER,2003,Poverty headcount ratio at $3.65 a day (2017 PPP) (% of population),SI.POV.LMIC,32.3
Peru,PER,2002,Poverty headcount ratio at $3.65 a day (2017 PPP) (% of population),SI.POV.LMIC,34.2
Peru,PER,2001,Poverty headcount ratio at $3.65 a day (2017 PPP) (% of population),SI.POV.LMIC,37.5
Peru,PER,2000,Poverty headcount ratio at $3.65 a day (2017 PPP) (% of population),SI.POV.LMIC,35.4
Peru,PER,1999,Poverty headcount ratio at $3.65 a day (2017 PPP) (% of population),SI.POV.LMIC,36.3
Peru,PER,1998,Poverty headcount ratio at $3.65 a day (2017 PPP) (% of population),SI.POV.LMIC,34.9
Peru,PER,1997,Poverty headcount ratio at $3.65 a day (2017 PPP) (% of population),SI.POV.LMIC,35.9
Peru,PER,2022,Poverty gap at $3.65 a day (2017 PPP) (%),SI.POV.LMIC.GP,2.8
Peru,PER,2021,Poverty gap at $3.65 a day (2017 PPP) (%),SI.POV.LMIC.GP,2.9
Peru,PER,2020,Poverty gap at $3.65 a day (2017 PPP) (%),SI.POV.LMIC.GP,5.8
Peru,PER,2019,Poverty gap at $3.65 a day (2017 PPP) (%),SI.POV.LMIC.GP,3
Peru,PER,2018,Poverty gap at $3.65 a day (2017 PPP) (%),SI.POV.LMIC.GP,3.4
Peru,PER,2017,Poverty gap at $3.65 a day (2017 PPP) (%),SI.POV.LMIC.GP,4.1
Peru,PER,2016,Poverty gap at $3.65 a day (2017 PPP) (%),SI.POV.LMIC.GP,4.2
Peru,PER,2015,Poverty gap at $3.65 a day (2017 PPP) (%),SI.POV.LMIC.GP,4.4
Peru,PER,2014,Poverty gap at $3.65 a day (2017 PPP) (%),SI.POV.LMIC.GP,4.4
Peru,PER,2013,Poverty gap at $3.65 a day (2017 PPP) (%),SI.POV.LMIC.GP,4.8
Peru,PER,2012,Poverty gap at $3.65 a day (2017 PPP) (%),SI.POV.LMIC.GP,5.3
Peru,PER,2011,Poverty gap at $3.65 a day (2017 PPP) (%),SI.POV.LMIC.GP,5.8
Peru,PER,2010,Poverty gap at $3.65 a day (2017 PPP) (%),SI.POV.LMIC.GP,6.3
Peru,PER,2009,Poverty gap at $3.65 a day (2017 PPP) (%),SI.POV.LMIC.GP,7.7
Peru,PER,2008,Poverty gap at $3.65 a day (2017 PPP) (%),SI.POV.LMIC.GP,9
Peru,PER,2007,Poverty gap at $3.65 a day (2017 PPP) (%),SI.POV.LMIC.GP,10.9
Peru,PER,2006,Poverty gap at $3.65 a day (2017 PPP) (%),SI.POV.LMIC.GP,12.9
Peru,PER,2005,Poverty gap at $3.65 a day (2017 PPP) (%),SI.POV.LMIC.GP,14.9
Peru,PER,2004,Poverty gap at $3.65 a day (2017 PPP) (%),SI.POV.LMIC.GP,13.5
Peru,PER,2003,Poverty gap at $3.65 a day (2017 PPP) (%),SI.POV.LMIC.GP,12.7
Peru,PER,2002,Poverty gap at $3.65 a day (2017 PPP) (%),SI.POV.LMIC.GP,14.6
Peru,PER,2001,Poverty gap at $3.65 a day (2017 PPP) (%),SI.POV.LMIC.GP,16.4
Peru,PER,2000,Poverty gap at $3.65 a day (2017 PPP) (%),SI.POV.LMIC.GP,15.5
Peru,PER,1999,Poverty gap at $3.65 a day (2017 PPP) (%),SI.POV.LMIC.GP,16.1
Peru,PER,1998,Poverty gap at $3.65 a day (2017 PPP) (%),SI.POV.LMIC.GP,15.9
Peru,PER,1997,Poverty gap at $3.65 a day (2017 PPP) (%),SI.POV.LMIC.GP,16.4
Peru,PER,2022,Poverty headcount ratio at national poverty lines (% of population),SI.POV.NAHC,27.5
Peru,PER,2021,Poverty headcount ratio at national poverty lines (% of population),SI.POV.NAHC,25.9
Peru,PER,2020,Poverty headcount ratio at national poverty lines (% of population),SI.POV.NAHC,30.1
Peru,PER,2019,Poverty headcount ratio at national poverty lines (% of population),SI.POV.NAHC,20.2
Peru,PER,2018,Poverty headcount ratio at national poverty lines (% of population),SI.POV.NAHC,20.5
Peru,PER,2017,Poverty headcount ratio at national poverty lines (% of population),SI.POV.NAHC,21.7
Peru,PER,2016,Poverty headcount ratio at national poverty lines (% of population),SI.POV.NAHC,20.7
Peru,PER,2015,Poverty headcount ratio at national poverty lines (% of population),SI.POV.NAHC,21.8
Peru,PER,2014,Poverty headcount ratio at national poverty lines (% of population),SI.POV.NAHC,22.7
Peru,PER,2013,Poverty headcount ratio at national poverty lines (% of population),SI.POV.NAHC,23.9
Peru,PER,2012,Poverty headcount ratio at national poverty lines (% of population),SI.POV.NAHC,25.8
Peru,PER,2011,Poverty headcount ratio at national poverty lines (% of population),SI.POV.NAHC,27.8
Peru,PER,2010,Poverty headcount ratio at national poverty lines (% of population),SI.POV.NAHC,30.8
Peru,PER,2009,Poverty headcount ratio at national poverty lines (% of population),SI.POV.NAHC,33.5
Peru,PER,2008,Poverty headcount ratio at national poverty lines (% of population),SI.POV.NAHC,37.3
Peru,PER,2007,Poverty headcount ratio at national poverty lines (% of population),SI.POV.NAHC,42.4
Peru,PER,2006,Poverty headcount ratio at national poverty lines (% of population),SI.POV.NAHC,49.2
Peru,PER,2005,Poverty headcount ratio at national poverty lines (% of population),SI.POV.NAHC,55.6
Peru,PER,2004,Poverty headcount ratio at national poverty lines (% of population),SI.POV.NAHC,58.7
Peru,PER,2022,Poverty headcount ratio at $6.85 a day (2017 PPP) (% of population),SI.POV.UMIC,32.2
Peru,PER,2021,Poverty headcount ratio at $6.85 a day (2017 PPP) (% of population),SI.POV.UMIC,33.4
Peru,PER,2020,Poverty headcount ratio at $6.85 a day (2017 PPP) (% of population),SI.POV.UMIC,42.8
Peru,PER,2019,Poverty headcount ratio at $6.85 a day (2017 PPP) (% of population),SI.POV.UMIC,28.8
Peru,PER,2018,Poverty headcount ratio at $6.85 a day (2017 PPP) (% of population),SI.POV.UMIC,30.3
Peru,PER,2017,Poverty headcount ratio at $6.85 a day (2017 PPP) (% of population),SI.POV.UMIC,32.6
Peru,PER,2016,Poverty headcount ratio at $6.85 a day (2017 PPP) (% of population),SI.POV.UMIC,31.8
Peru,PER,2015,Poverty headcount ratio at $6.85 a day (2017 PPP) (% of population),SI.POV.UMIC,32.7
Peru,PER,2014,Poverty headcount ratio at $6.85 a day (2017 PPP) (% of population),SI.POV.UMIC,33.4
Peru,PER,2013,Poverty headcount ratio at $6.85 a day (2017 PPP) (% of population),SI.POV.UMIC,34.5
Peru,PER,2012,Poverty headcount ratio at $6.85 a day (2017 PPP) (% of population),SI.POV.UMIC,35.3
Peru,PER,2011,Poverty headcount ratio at $6.85 a day (2017 PPP) (% of population),SI.POV.UMIC,38.1
Peru,PER,2010,Poverty headcount ratio at $6.85 a day (2017 PPP) (% of population),SI.POV.UMIC,40.5
Peru,PER,2009,Poverty headcount ratio at $6.85 a day (2017 PPP) (% of population),SI.POV.UMIC,44.6
Peru,PER,2008,Poverty headcount ratio at $6.85 a day (2017 PPP) (% of population),SI.POV.UMIC,46.4
Peru,PER,2007,Poverty headcount ratio at $6.85 a day (2017 PPP) (% of population),SI.POV.UMIC,50.3
Peru,PER,2006,Poverty headcount ratio at $6.85 a day (2017 PPP) (% of population),SI.POV.UMIC,55.9
Peru,PER,2005,Poverty headcount ratio at $6.85 a day (2017 PPP) (% of population),SI.POV.UMIC,61.5
Peru,PER,2004,Poverty headcount ratio at $6.85 a day (2017 PPP) (% of population),SI.POV.UMIC,59.8
Peru,PER,2003,Poverty headcount ratio at $6.85 a day (2017 PPP) (% of population),SI.POV.UMIC,59.4
Peru,PER,2002,Poverty headcount ratio at $6.85 a day (2017 PPP) (% of population),SI.POV.UMIC,60.2
Peru,PER,2001,Poverty headcount ratio at $6.85 a day (2017 PPP) (% of population),SI.POV.UMIC,63.9
Peru,PER,2000,Poverty headcount ratio at $6.85 a day (2017 PPP) (% of population),SI.POV.UMIC,62.4
Peru,PER,1999,Poverty headcount ratio at $6.85 a day (2017 PPP) (% of population),SI.POV.UMIC,62.1
Peru,PER,1998,Poverty headcount ratio at $6.85 a day (2017 PPP) (% of population),SI.POV.UMIC,62.3
Peru,PER,1997,Poverty headcount ratio at $6.85 a day (2017 PPP) (% of population),SI.POV.UMIC,61.3
Peru,PER,2022,Poverty gap at $6.85 a day (2017 PPP) (%),SI.POV.UMIC.GP,11.1
Peru,PER,2021,Poverty gap at $6.85 a day (2017 PPP) (%),SI.POV.UMIC.GP,11.4
Peru,PER,2020,Poverty gap at $6.85 a day (2017 PPP) (%),SI.POV.UMIC.GP,17.2
Peru,PER,2019,Poverty gap at $6.85 a day (2017 PPP) (%),SI.POV.UMIC.GP,10.4
Peru,PER,2018,Poverty gap at $6.85 a day (2017 PPP) (%),SI.POV.UMIC.GP,11.3
Peru,PER,2017,Poverty gap at $6.85 a day (2017 PPP) (%),SI.POV.UMIC.GP,12.6
Peru,PER,2016,Poverty gap at $6.85 a day (2017 PPP) (%),SI.POV.UMIC.GP,12.6
Peru,PER,2015,Poverty gap at $6.85 a day (2017 PPP) (%),SI.POV.UMIC.GP,12.8
Peru,PER,2014,Poverty gap at $6.85 a day (2017 PPP) (%),SI.POV.UMIC.GP,13.2
Peru,PER,2013,Poverty gap at $6.85 a day (2017 PPP) (%),SI.POV.UMIC.GP,13.9
Peru,PER,2012,Poverty gap at $6.85 a day (2017 PPP) (%),SI.POV.UMIC.GP,14.5
Peru,PER,2011,Poverty gap at $6.85 a day (2017 PPP) (%),SI.POV.UMIC.GP,15.8
Peru,PER,2010,Poverty gap at $6.85 a day (2017 PPP) (%),SI.POV.UMIC.GP,17
Peru,PER,2009,Poverty gap at $6.85 a day (2017 PPP) (%),SI.POV.UMIC.GP,19.4
Peru,PER,2008,Poverty gap at $6.85 a day (2017 PPP) (%),SI.POV.UMIC.GP,21.1
Peru,PER,2007,Poverty gap at $6.85 a day (2017 PPP) (%),SI.POV.UMIC.GP,23.9
Peru,PER,2006,Poverty gap at $6.85 a day (2017 PPP) (%),SI.POV.UMIC.GP,27.5
Peru,PER,2005,Poverty gap at $6.85 a day (2017 PPP) (%),SI.POV.UMIC.GP,31
Peru,PER,2004,Poverty gap at $6.85 a day (2017 PPP) (%),SI.POV.UMIC.GP,29.2
Peru,PER,2003,Poverty gap at $6.85 a day (2017 PPP) (%),SI.POV.UMIC.GP,28.7
Peru,PER,2002,Poverty gap at $6.85 a day (2017 PPP) (%),SI.POV.UMIC.GP,30.2
Peru,PER,2001,Poverty gap at $6.85 a day (2017 PPP) (%),SI.POV.UMIC.GP,33
Peru,PER,2000,Poverty gap at $6.85 a day (2017 PPP) (%),SI.POV.UMIC.GP,31.5
Peru,PER,1999,Poverty gap at $6.85 a day (2017 PPP) (%),SI.POV.UMIC.GP,32.2
Peru,PER,1998,Poverty gap at $6.85 a day (2017 PPP) (%),SI.POV.UMIC.GP,31.8
Peru,PER,1997,Poverty gap at $6.85 a day (2017 PPP) (%),SI.POV.UMIC.GP,31.8
Peru,PER,2022,"Survey mean consumption or income per capita, bottom 40% of population (2017 PPP $ per day)",SI.SPR.PC40,5.05
Peru,PER,2017,"Survey mean consumption or income per capita, bottom 40% of population (2017 PPP $ per day)",SI.SPR.PC40,4.8
Peru,PER,2022,"Annualized average growth rate in per capita real survey mean consumption or income, bottom 40% of population (%)",SI.SPR.PC40.ZG,1.02
Peru,PER,2022,"Survey mean consumption or income per capita, total population (2017 PPP $ per day)",SI.SPR.PCAP,12.43
Peru,PER,2017,"Survey mean consumption or income per capita, total population (2017 PPP $ per day)",SI.SPR.PCAP,13.28
Peru,PER,2022,"Annualized average growth rate in per capita real survey mean consumption or income, total population (%)",SI.SPR.PCAP.ZG,-1.31
